Workbook

Sheet Market_Summary
A1: PlanPulse market summary, week of 2026-10-26 (simulated data)
A3: Market | B3: SKUs | C3: Forecast WAPE | D3: Forecast bias | E3: Avg days of cover | F3: High stockout risk SKUs | G3: Below safety stock SKUs | H3: Excess value | I3: OTIF | J3: Open actions | K3: Overdue actions
A4: APAC | B4: =COUNTIFS(SKU_KPIs!$A:$A,$A4) | C4: =SUMIFS(Accuracy_SKU!$E:$E,Accuracy_SKU!$A:$A,$A4)/SUMIFS(Accuracy_SKU!$C:$C,Accuracy_SKU!$A:$A,$A4) | D4: =(SUMIFS(Accuracy_SKU!$D:$D,Accuracy_SKU!$A:$A,$A4)-SUMIFS(Accuracy_SKU!$C:$C,Accuracy_SKU!$A:$A,$A4))/SUMIFS(Accuracy_SKU!$C:$C,Accuracy_SKU!$A:$A,$A4) | E4: =AVERAGEIFS(SKU_KPIs!$I:$I,SKU_KPIs!$A:$A,$A4) | F4: =COUNTIFS(SKU_KPIs!$A:$A,$A4,SKU_KPIs!$Q:$Q,"HIGH") | G4: =SUMIFS(SKU_KPIs!$J:$J,SKU_KPIs!$A:$A,$A4) | H4: =SUMIFS(SKU_KPIs!$R:$R,SKU_KPIs!$A:$A,$A4) | I4: =SUMIFS(OTIF_Supplier!$F:$F,OTIF_Supplier!$A:$A,$A4)/SUMIFS(OTIF_Supplier!$C:$C,OTIF_Supplier!$A:$A,$A4) | J4: =COUNTIFS(Actions!$B:$B,$A4,Actions!$I:$I,"Open")+COUNTIFS(Actions!$B:$B,$A4,Actions!$I:$I,"In Progress") | K4: =COUNTIFS(Actions!$B:$B,$A4,Actions!$J:$J,">0")
A5: India | B5: =COUNTIFS(SKU_KPIs!$A:$A,$A5) | C5: =SUMIFS(Accuracy_SKU!$E:$E,Accuracy_SKU!$A:$A,$A5)/SUMIFS(Accuracy_SKU!$C:$C,Accuracy_SKU!$A:$A,$A5) | D5: =(SUMIFS(Accuracy_SKU!$D:$D,Accuracy_SKU!$A:$A,$A5)-SUMIFS(Accuracy_SKU!$C:$C,Accuracy_SKU!$A:$A,$A5))/SUMIFS(Accuracy_SKU!$C:$C,Accuracy_SKU!$A:$A,$A5) | E5: =AVERAGEIFS(SKU_KPIs!$I:$I,SKU_KPIs!$A:$A,$A5) | F5: =COUNTIFS(SKU_KPIs!$A:$A,$A5,SKU_KPIs!$Q:$Q,"HIGH") | G5: =SUMIFS(SKU_KPIs!$J:$J,SKU_KPIs!$A:$A,$A5) | H5: =SUMIFS(SKU_KPIs!$R:$R,SKU_KPIs!$A:$A,$A5) | I5: =SUMIFS(OTIF_Supplier!$F:$F,OTIF_Supplier!$A:$A,$A5)/SUMIFS(OTIF_Supplier!$C:$C,OTIF_Supplier!$A:$A,$A5) | J5: =COUNTIFS(Actions!$B:$B,$A5,Actions!$I:$I,"Open")+COUNTIFS(Actions!$B:$B,$A5,Actions!$I:$I,"In Progress") | K5: =COUNTIFS(Actions!$B:$B,$A5,Actions!$J:$J,">0")
A6: MENA-PAK | B6: =COUNTIFS(SKU_KPIs!$A:$A,$A6) | C6: =SUMIFS(Accuracy_SKU!$E:$E,Accuracy_SKU!$A:$A,$A6)/SUMIFS(Accuracy_SKU!$C:$C,Accuracy_SKU!$A:$A,$A6) | D6: =(SUMIFS(Accuracy_SKU!$D:$D,Accuracy_SKU!$A:$A,$A6)-SUMIFS(Accuracy_SKU!$C:$C,Accuracy_SKU!$A:$A,$A6))/SUMIFS(Accuracy_SKU!$C:$C,Accuracy_SKU!$A:$A,$A6) | E6: =AVERAGEIFS(SKU_KPIs!$I:$I,SKU_KPIs!$A:$A,$A6) | F6: =COUNTIFS(SKU_KPIs!$A:$A,$A6,SKU_KPIs!$Q:$Q,"HIGH") | G6: =SUMIFS(SKU_KPIs!$J:$J,SKU_KPIs!$A:$A,$A6) | H6: =SUMIFS(SKU_KPIs!$R:$R,SKU_KPIs!$A:$A,$A6) | I6: =SUMIFS(OTIF_Supplier!$F:$F,OTIF_Supplier!$A:$A,$A6)/SUMIFS(OTIF_Supplier!$C:$C,OTIF_Supplier!$A:$A,$A6) | J6: =COUNTIFS(Actions!$B:$B,$A6,Actions!$I:$I,"Open")+COUNTIFS(Actions!$B:$B,$A6,Actions!$I:$I,"In Progress") | K6: =COUNTIFS(Actions!$B:$B,$A6,Actions!$J:$J,">0")
A7: South Africa | B7: =COUNTIFS(SKU_KPIs!$A:$A,$A7) | C7: =SUMIFS(Accuracy_SKU!$E:$E,Accuracy_SKU!$A:$A,$A7)/SUMIFS(Accuracy_SKU!$C:$C,Accuracy_SKU!$A:$A,$A7) | D7: =(SUMIFS(Accuracy_SKU!$D:$D,Accuracy_SKU!$A:$A,$A7)-SUMIFS(Accuracy_SKU!$C:$C,Accuracy_SKU!$A:$A,$A7))/SUMIFS(Accuracy_SKU!$C:$C,Accuracy_SKU!$A:$A,$A7) | E7: =AVERAGEIFS(SKU_KPIs!$I:$I,SKU_KPIs!$A:$A,$A7) | F7: =COUNTIFS(SKU_KPIs!$A:$A,$A7,SKU_KPIs!$Q:$Q,"HIGH") | G7: =SUMIFS(SKU_KPIs!$J:$J,SKU_KPIs!$A:$A,$A7) | H7: =SUMIFS(SKU_KPIs!$R:$R,SKU_KPIs!$A:$A,$A7) | I7: =SUMIFS(OTIF_Supplier!$F:$F,OTIF_Supplier!$A:$A,$A7)/SUMIFS(OTIF_Supplier!$C:$C,OTIF_Supplier!$A:$A,$A7) | J7: =COUNTIFS(Actions!$B:$B,$A7,Actions!$I:$I,"Open")+COUNTIFS(Actions!$B:$B,$A7,Actions!$I:$I,"In Progress") | K7: =COUNTIFS(Actions!$B:$B,$A7,Actions!$J:$J,">0")
A8: All markets | B8: =SUM(B4:B7) | C8: =SUM(Accuracy_SKU!$E:$E)/SUM(Accuracy_SKU!$C:$C) | D8: =(SUM(Accuracy_SKU!$D:$D)-SUM(Accuracy_SKU!$C:$C))/SUM(Accuracy_SKU!$C:$C) | E8: =AVERAGE(SKU_KPIs!$I:$I) | F8: =SUM(F4:F7) | G8: =SUM(G4:G7) | H8: =SUM(H4:H7) | I8: =SUM(OTIF_Supplier!$F:$F)/SUM(OTIF_Supplier!$C:$C) | J8: =SUM(J4:J7) | K8: =SUM(K4:K7)
A10: Excess value is in simulated currency units. Cover uses the next 4 weeks of system forecast.

Sheet Legend
A1: PlanPulse KPI workbook | B1: Week of 2026-10-26. SIMULATED DATA, not real ISCP or company data.
A2: EXCESS_DAYS | B2: 120
A3: Meaning | B3: Cover above this many days counts as excess (SKU_KPIs column R)
A5: Sheet | B5: What it holds
A6: Market_Summary | B6: Per-market KPIs. Every number is a formula over the other sheets.
A7: SKU_KPIs | B7: One row per SKU with clean stock data. Columns I, J, N, O, R are formulas; the rest are values from the DuckDB KPI layer.
A8: Accuracy_SKU | B8: Forecast accuracy for every SKU with sales and forecast, including SKUs held out of SKU_KPIs for stock data problems. Market WAPE and bias read from here.
A9: OTIF_Supplier | B9: Closed POs in the trailing window. Percent columns are formulas.
A10: Actions / Exceptions / DQ_Results | B10: Values exported from the tracker, exception list and data-quality checks.
A12: Definitions | B12: Days of cover = on hand / (average weekly forecast, next 4 weeks / 7). WAPE = sum |forecast - actual| / sum actual. Bias = (sum forecast - sum actual) / sum actual. OTIF = POs on time AND in full / POs received.
A13: Stockout risk | B13: HIGH = projected stockout earlier than the lead time (a new order cannot land in time). MEDIUM = stockout within 8 weeks but after lead time. Value from SQL, not a formula.

Sheet SKU_KPIs
A1: market | B1: sku | C1: category | D1: on_hand | E1: safety_stock | F1: lead_time_days | G1: avg_weekly_fcst_4w | H1: unit_cost | I1: days_of_cover | J1: below_safety | K1: actual_units_8w | L1: forecast_units_8w | M1: abs_err_8w | N1: wape | O1: bias | P1: stockout_week | Q1: stockout_risk | R1: excess_value
A2: APAC | B2: AP-ACC-002 | C2: Accessories | D2: 118 | E2: 27 | F2: 25 | G2: 61.5 | H2: 859.96 | I2: =IF(AND(ISNUMBER(G2),G2>0),D2/(G2/7),"") | J2: =IF(AND(ISNUMBER(E2),D2<E2),1,0) | K2: 547 | L2: 472 | M2: 79 | N2: =IF(AND(ISNUMBER(K2),K2>0),M2/K2,"") | O2: =IF(AND(ISNUMBER(K2),K2>0),(L2-K2)/K2,"") | Q2: LOW | R2: =IF(ISNUMBER(G2),MAX(0,D2-Legend!$B$2*G2/7)*H2,0)
A3: APAC | B3: AP-ACC-006 | C3: Accessories | D3: 145 | E3: 22 | F3: 25 | G3: 51 | H3: 333.54 | I3: =IF(AND(ISNUMBER(G3),G3>0),D3/(G3/7),"") | J3: =IF(AND(ISNUMBER(E3),D3<E3),1,0) | K3: 316 | L3: 327 | M3: 65 | N3: =IF(AND(ISNUMBER(K3),K3>0),M3/K3,"") | O3: =IF(AND(ISNUMBER(K3),K3>0),(L3-K3)/K3,"") | Q3: LOW | R3: =IF(ISNUMBER(G3),MAX(0,D3-Legend!$B$2*G3/7)*H3,0)
A4: APAC | B4: AP-ACC-010 | C4: Accessories | D4: 1035 | E4: 35 | F4: 33 | G4: 44 | H4: 461.95 | I4: =IF(AND(ISNUMBER(G4),G4>0),D4/(G4/7),"") | J4: =IF(AND(ISNUMBER(E4),D4<E4),1,0) | K4: 365 | L4: 373 | M4: 58 | N4: =IF(AND(ISNUMBER(K4),K4>0),M4/K4,"") | O4: =IF(AND(ISNUMBER(K4),K4>0),(L4-K4)/K4,"") | Q4: LOW | R4: =IF(ISNUMBER(G4),MAX(0,D4-Legend!$B$2*G4/7)*H4,0)
A5: APAC | B5: AP-ACC-018 | C5: Accessories | D5: 220 | E5: 34 | F5: 35 | G5: 49 | H5: 736.57 | I5: =IF(AND(ISNUMBER(G5),G5>0),D5/(G5/7),"") | J5: =IF(AND(ISNUMBER(E5),D5<E5),1,0) | K5: 411 | L5: 403 | M5: 60 | N5: =IF(AND(ISNUMBER(K5),K5>0),M5/K5,"") | O5: =IF(AND(ISNUMBER(K5),K5>0),(L5-K5)/K5,"") | Q5: LOW | R5: =IF(ISNUMBER(G5),MAX(0,D5-Legend!$B$2*G5/7)*H5,0)
A6: APAC | B6: AP-ACC-022 | C6: Accessories | D6: 86 | E6: 29 | F6: 17 | G6: 68 | H6: 316.64 | I6: =IF(AND(ISNUMBER(G6),G6>0),D6/(G6/7),"") | J6: =IF(AND(ISNUMBER(E6),D6<E6),1,0) | K6: 440 | L6: 612 | M6: 172 | N6: =IF(AND(ISNUMBER(K6),K6>0),M6/K6,"") | O6: =IF(AND(ISNUMBER(K6),K6>0),(L6-K6)/K6,"") | P6: 1 | Q6: HIGH | R6: =IF(ISNUMBER(G6),MAX(0,D6-Legend!$B$2*G6/7)*H6,0)
A7: APAC | B7: AP-ACC-026 | C7: Accessories | D7: 182 | E7: 44 | F7: 25 | G7: 48.75 | H7: 541.29 | I7: =IF(AND(ISNUMBER(G7),G7>0),D7/(G7/7),"") | J7: =IF(AND(ISNUMBER(E7),D7<E7),1,0) | K7: 403 | L7: 407 | M7: 42 | N7: =IF(AND(ISNUMBER(K7),K7>0),M7/K7,"") | O7: =IF(AND(ISNUMBER(K7),K7>0),(L7-K7)/K7,"") | Q7: LOW | R7: =IF(ISNUMBER(G7),MAX(0,D7-Legend!$B$2*G7/7)*H7,0)
A8: APAC | B8: AP-ACC-030 | C8: Accessories | D8: 564 | E8: 85 | F8: 32 | G8: 112.5 | H8: 757.84 | I8: =IF(AND(ISNUMBER(G8),G8>0),D8/(G8/7),"") | J8: =IF(AND(ISNUMBER(E8),D8<E8),1,0) | K8: 1039 | L8: 1032 | M8: 83 | N8: =IF(AND(ISNUMBER(K8),K8>0),M8/K8,"") | O8: =IF(AND(ISNUMBER(K8),K8>0),(L8-K8)/K8,"") | P8: 5 | Q8: MEDIUM | R8: =IF(ISNUMBER(G8),MAX(0,D8-Legend!$B$2*G8/7)*H8,0)
A9: APAC | B9: AP-ACC-034 | C9: Accessories | D9: 532 | E9: 29 | F9: 21 | G9: 58 | H9: 707.86 | I9: =IF(AND(ISNUMBER(G9),G9>0),D9/(G9/7),"") | J9: =IF(AND(ISNUMBER(E9),D9<E9),1,0) | K9: 493 | L9: 480 | M9: 131 | N9: =IF(AND(ISNUMBER(K9),K9>0),M9/K9,"") | O9: =IF(AND(ISNUMBER(K9),K9>0),(L9-K9)/K9,"") | Q9: LOW | R9: =IF(ISNUMBER(G9),MAX(0,D9-Legend!$B$2*G9/7)*H9,0)
A10: APAC | B10: AP-ACC-038 | C10: Accessories | D10: 205 | E10: 28 | F10: 21 | G10: 47 | H10: 374.67 | I10: =IF(AND(ISNUMBER(G10),G10>0),D10/(G10/7),"") | J10: =IF(AND(ISNUMBER(E10),D10<E10),1,0) | K10: 420 | L10: 399 | M10: 55 | N10: =IF(AND(ISNUMBER(K10),K10>0),M10/K10,"") | O10: =IF(AND(ISNUMBER(K10),K10>0),(L10-K10)/K10,"") | Q10: LOW | R10: =IF(ISNUMBER(G10),MAX(0,D10-Legend!$B$2*G10/7)*H10,0)
A11: APAC | B11: AP-ACC-042 | C11: Accessories | D11: 523 | E11: 80 | F11: 24 | G11: 162.75 | H11: 732.7 | I11: =IF(AND(ISNUMBER(G11),G11>0),D11/(G11/7),"") | J11: =IF(AND(ISNUMBER(E11),D11<E11),1,0) | K11: 1321 | L11: 1419 | M11: 206 | N11: =IF(AND(ISNUMBER(K11),K11>0),M11/K11,"") | O11: =IF(AND(ISNUMBER(K11),K11>0),(L11-K11)/K11,"") | P11: 5 | Q11: MEDIUM | R11: =IF(ISNUMBER(G11),MAX(0,D11-Legend!$B$2*G11/7)*H11,0)
A12: APAC | B12: AP-DEV-001 | C12: Devices | D12: 5327 | E12: 68 | F12: 24 | G12: 140.25 | H12: 295.6 | I12: =IF(AND(ISNUMBER(G12),G12>0),D12/(G12/7),"") | J12: =IF(AND(ISNUMBER(E12),D12<E12),1,0) | K12: 1070 | L12: 1189 | M12: 251 | N12: =IF(AND(ISNUMBER(K12),K12>0),M12/K12,"") | O12: =IF(AND(ISNUMBER(K12),K12>0),(L12-K12)/K12,"") | Q12: LOW | R12: =IF(ISNUMBER(G12),MAX(0,D12-Legend!$B$2*G12/7)*H12,0)
A13: APAC | B13: AP-DEV-005 | C13: Devices | D13: 315 | E13: 13 | F13: 22 | G13: 19.25 | H13: 99.66 | I13: =IF(AND(ISNUMBER(G13),G13>0),D13/(G13/7),"") | J13: =IF(AND(ISNUMBER(E13),D13<E13),1,0) | K13: 217 | L13: 161 | M13: 64 | N13: =IF(AND(ISNUMBER(K13),K13>0),M13/K13,"") | O13: =IF(AND(ISNUMBER(K13),K13>0),(L13-K13)/K13,"") | Q13: LOW | R13: =IF(ISNUMBER(G13),MAX(0,D13-Legend!$B$2*G13/7)*H13,0)
A14: APAC | B14: AP-DEV-009 | C14: Devices | D14: 368 | E14: 52 | F14: 22 | G14: 86.75 | H14: 529.38 | I14: =IF(AND(ISNUMBER(G14),G14>0),D14/(G14/7),"") | J14: =IF(AND(ISNUMBER(E14),D14<E14),1,0) | K14: 671 | L14: 635 | M14: 70 | N14: =IF(AND(ISNUMBER(K14),K14>0),M14/K14,"") | O14: =IF(AND(ISNUMBER(K14),K14>0),(L14-K14)/K14,"") | Q14: LOW | R14: =IF(ISNUMBER(G14),MAX(0,D14-Legend!$B$2*G14/7)*H14,0)
A15: APAC | B15: AP-DEV-013 | C15: Devices | D15: 363 | E15: 45 | F15: 15 | G15: 141.25 | H15: 101.31 | I15: =IF(AND(ISNUMBER(G15),G15>0),D15/(G15/7),"") | J15: =IF(AND(ISNUMBER(E15),D15<E15),1,0) | K15: 923 | L15: 1060 | M15: 151 | N15: =IF(AND(ISNUMBER(K15),K15>0),M15/K15,"") | O15: =IF(AND(ISNUMBER(K15),K15>0),(L15-K15)/K15,"") | P15: 3 | Q15: MEDIUM | R15: =IF(ISNUMBER(G15),MAX(0,D15-Legend!$B$2*G15/7)*H15,0)
A16: APAC | B16: AP-DEV-017 | C16: Devices | D16: 657 | E16: 78 | F16: 29 | G16: 134.5 | H16: 658.53 | I16: =IF(AND(ISNUMBER(G16),G16>0),D16/(G16/7),"") | J16: =IF(AND(ISNUMBER(E16),D16<E16),1,0) | K16: 980 | L16: 920 | M16: 122 | N16: =IF(AND(ISNUMBER(K16),K16>0),M16/K16,"") | O16: =IF(AND(ISNUMBER(K16),K16>0),(L16-K16)/K16,"") | Q16: LOW | R16: =IF(ISNUMBER(G16),MAX(0,D16-Legend!$B$2*G16/7)*H16,0)
A17: APAC | B17: AP-DEV-021 | C17: Devices | D17: 749 | E17: 58 | F17: 35 | G17: 112.75 | H17: 493.19 | I17: =IF(AND(ISNUMBER(G17),G17>0),D17/(G17/7),"") | J17: =IF(AND(ISNUMBER(E17),D17<E17),1,0) | K17: 851 | L17: 881 | M17: 120 | N17: =IF(AND(ISNUMBER(K17),K17>0),M17/K17,"") | O17: =IF(AND(ISNUMBER(K17),K17>0),(L17-K17)/K17,"") | Q17: LOW | R17: =IF(ISNUMBER(G17),MAX(0,D17-Legend!$B$2*G17/7)*H17,0)
A18: APAC | B18: AP-DEV-025 | C18: Devices | D18: 2380 | E18: 48 | F18: 34 | G18: 56.5 | H18: 244.96 | I18: =IF(AND(ISNUMBER(G18),G18>0),D18/(G18/7),"") | J18: =IF(AND(ISNUMBER(E18),D18<E18),1,0) | K18: 419 | L18: 497 | M18: 82 | N18: =IF(AND(ISNUMBER(K18),K18>0),M18/K18,"") | O18: =IF(AND(ISNUMBER(K18),K18>0),(L18-K18)/K18,"") | Q18: LOW | R18: =IF(ISNUMBER(G18),MAX(0,D18-Legend!$B$2*G18/7)*H18,0)
A19: APAC | B19: AP-DEV-029 | C19: Devices | D19: 751 | E19: 58 | F19: 15 | G19: 132.75 | H19: 67.34 | I19: =IF(AND(ISNUMBER(G19),G19>0),D19/(G19/7),"") | J19: =IF(AND(ISNUMBER(E19),D19<E19),1,0) | K19: 1206 | L19: 1149 | M19: 223 | N19: =IF(AND(ISNUMBER(K19),K19>0),M19/K19,"") | O19: =IF(AND(ISNUMBER(K19),K19>0),(L19-K19)/K19,"") | Q19: LOW | R19: =IF(ISNUMBER(G19),MAX(0,D19-Legend!$B$2*G19/7)*H19,0)
A20: APAC | B20: AP-DEV-033 | C20: Devices | D20: 274 | E20: 46 | F20: 35 | G20: 76.5 | H20: 546.52 | I20: =IF(AND(ISNUMBER(G20),G20>0),D20/(G20/7),"") | J20: =IF(AND(ISNUMBER(E20),D20<E20),1,0) | K20: 531 | L20: 521 | M20: 94 | N20: =IF(AND(ISNUMBER(K20),K20>0),M20/K20,"") | O20: =IF(AND(ISNUMBER(K20),K20>0),(L20-K20)/K20,"") | Q20: LOW | R20: =IF(ISNUMBER(G20),MAX(0,D20-Legend!$B$2*G20/7)*H20,0)
A21: APAC | B21: AP-DEV-037 | C21: Devices | D21: 221 | F21: 20 | G21: 90.75 | H21: 832.8 | I21: =IF(AND(ISNUMBER(G21),G21>0),D21/(G21/7),"") | J21: =IF(AND(ISNUMBER(E21),D21<E21),1,0) | K21: 594 | L21: 634 | M21: 112 | N21: =IF(AND(ISNUMBER(K21),K21>0),M21/K21,"") | O21: =IF(AND(ISNUMBER(K21),K21>0),(L21-K21)/K21,"") | P21: 4 | Q21: MEDIUM | R21: =IF(ISNUMBER(G21),MAX(0,D21-Legend!$B$2*G21/7)*H21,0)
A22: APAC | B22: AP-DEV-041 | C22: Devices | D22: 524 | E22: 111 | F22: 35 | G22: 144.75 | H22: 497.6 | I22: =IF(AND(ISNUMBER(G22),G22>0),D22/(G22/7),"") | J22: =IF(AND(ISNUMBER(E22),D22<E22),1,0) | K22: 1546 | L22: 1380 | M22: 220 | N22: =IF(AND(ISNUMBER(K22),K22>0),M22/K22,"") | O22: =IF(AND(ISNUMBER(K22),K22>0),(L22-K22)/K22,"") | P22: 3 | Q22: HIGH | R22: =IF(ISNUMBER(G22),MAX(0,D22-Legend!$B$2*G22/7)*H22,0)
A23: APAC | B23: AP-DEV-045 | C23: Devices | D23: 1149 | E23: 70 | F23: 33 | G23: 125.25 | H23: 602.22 | I23: =IF(AND(ISNUMBER(G23),G23>0),D23/(G23/7),"") | J23: =IF(AND(ISNUMBER(E23),D23<E23),1,0) | K23: 738 | L23: 838 | M23: 190 | N23: =IF(AND(ISNUMBER(K23),K23>0),M23/K23,"") | O23: =IF(AND(ISNUMBER(K23),K23>0),(L23-K23)/K23,"") | Q23: LOW | R23: =IF(ISNUMBER(G23),MAX(0,D23-Legend!$B$2*G23/7)*H23,0)
A24: APAC | B24: AP-NET-003 | C24: Network | D24: 445 | E24: 87 | F24: 21 | G24: 191 | H24: 457.25 | I24: =IF(AND(ISNUMBER(G24),G24>0),D24/(G24/7),"") | J24: =IF(AND(ISNUMBER(E24),D24<E24),1,0) | K24: 1615 | L24: 1494 | M24: 231 | N24: =IF(AND(ISNUMBER(K24),K24>0),M24/K24,"") | O24: =IF(AND(ISNUMBER(K24),K24>0),(L24-K24)/K24,"") | P24: 4 | Q24: MEDIUM | R24: =IF(ISNUMBER(G24),MAX(0,D24-Legend!$B$2*G24/7)*H24,0)
A25: APAC | B25: AP-NET-007 | C25: Network | D25: 234 | E25: 65 | F25: 28 | G25: 131 | H25: 105.76 | I25: =IF(AND(ISNUMBER(G25),G25>0),D25/(G25/7),"") | J25: =IF(AND(ISNUMBER(E25),D25<E25),1,0) | K25: 1042 | L25: 955 | M25: 163 | N25: =IF(AND(ISNUMBER(K25),K25>0),M25/K25,"") | O25: =IF(AND(ISNUMBER(K25),K25>0),(L25-K25)/K25,"") | P25: 1 | Q25: HIGH | R25: =IF(ISNUMBER(G25),MAX(0,D25-Legend!$B$2*G25/7)*H25,0)
A26: APAC | B26: AP-NET-011 | C26: Network | D26: 889 | E26: 77 | F26: 14 | G26: 188 | H26: 241.53 | I26: =IF(AND(ISNUMBER(G26),G26>0),D26/(G26/7),"") | J26: =IF(AND(ISNUMBER(E26),D26<E26),1,0) | K26: 1395 | L26: 1469 | M26: 176 | N26: =IF(AND(ISNUMBER(K26),K26>0),M26/K26,"") | O26: =IF(AND(ISNUMBER(K26),K26>0),(L26-K26)/K26,"") | Q26: LOW | R26: =IF(ISNUMBER(G26),MAX(0,D26-Legend!$B$2*G26/7)*H26,0)
A27: APAC | B27: AP-NET-015 | C27: Network | D27: 278 | E27: 82 | F27: 28 | G27: 182.5 | H27: 380.31 | I27: =IF(AND(ISNUMBER(G27),G27>0),D27/(G27/7),"") | J27: =IF(AND(ISNUMBER(E27),D27<E27),1,0) | K27: 1590 | L27: 1616 | M27: 184 | N27: =IF(AND(ISNUMBER(K27),K27>0),M27/K27,"") | O27: =IF(AND(ISNUMBER(K27),K27>0),(L27-K27)/K27,"") | P27: 3 | Q27: HIGH | R27: =IF(ISNUMBER(G27),MAX(0,D27-Legend!$B$2*G27/7)*H27,0)
A28: APAC | B28: AP-NET-019 | C28: Network | D28: 267 | E28: 119 | F28: 33 | G28: 218.5 | H28: 609.92 | I28: =IF(AND(ISNUMBER(G28),G28>0),D28/(G28/7),"") | J28: =IF(AND(ISNUMBER(E28),D28<E28),1,0) | K28: 1913 | L28: 1798 | M28: 297 | N28: =IF(AND(ISNUMBER(K28),K28>0),M28/K28,"") | O28: =IF(AND(ISNUMBER(K28),K28>0),(L28-K28)/K28,"") | P28: 1 | Q28: HIGH | R28: =IF(ISNUMBER(G28),MAX(0,D28-Legend!$B$2*G28/7)*H28,0)
A29: APAC | B29: AP-NET-027 | C29: Network | D29: 1025 | E29: 92 | F29: 32 | G29: 109.5 | H29: 73.31 | I29: =IF(AND(ISNUMBER(G29),G29>0),D29/(G29/7),"") | J29: =IF(AND(ISNUMBER(E29),D29<E29),1,0) | K29: 951 | L29: 962 | M29: 87 | N29: =IF(AND(ISNUMBER(K29),K29>0),M29/K29,"") | O29: =IF(AND(ISNUMBER(K29),K29>0),(L29-K29)/K29,"") | Q29: LOW | R29: =IF(ISNUMBER(G29),MAX(0,D29-Legend!$B$2*G29/7)*H29,0)
A30: APAC | B30: AP-NET-031 | C30: Network | D30: 2323 | E30: 274 | F30: 30 | G30: 623.5 | H30: 122.23 | I30: =IF(AND(ISNUMBER(G30),G30>0),D30/(G30/7),"") | J30: =IF(AND(ISNUMBER(E30),D30<E30),1,0) | K30: 4162 | L30: 4250 | M30: 702 | N30: =IF(AND(ISNUMBER(K30),K30>0),M30/K30,"") | O30: =IF(AND(ISNUMBER(K30),K30>0),(L30-K30)/K30,"") | P30: 3 | Q30: HIGH | R30: =IF(ISNUMBER(G30),MAX(0,D30-Legend!$B$2*G30/7)*H30,0)
A31: APAC | B31: AP-NET-035 | C31: Network | D31: 980 | E31: 96 | F31: 31 | G31: 153.5 | H31: 302.51 | I31: =IF(AND(ISNUMBER(G31),G31>0),D31/(G31/7),"") | J31: =IF(AND(ISNUMBER(E31),D31<E31),1,0) | K31: 1481 | L31: 1295 | M31: 242 | N31: =IF(AND(ISNUMBER(K31),K31>0),M31/K31,"") | O31: =IF(AND(ISNUMBER(K31),K31>0),(L31-K31)/K31,"") | Q31: LOW | R31: =IF(ISNUMBER(G31),MAX(0,D31-Legend!$B$2*G31/7)*H31,0)
A32: APAC | B32: AP-NET-039 | C32: Network | D32: 680 | E32: 33 | F32: 28 | G32: 53 | H32: 168.42 | I32: =IF(AND(ISNUMBER(G32),G32>0),D32/(G32/7),"") | J32: =IF(AND(ISNUMBER(E32),D32<E32),1,0) | K32: 452 | L32: 420 | M32: 64 | N32: =IF(AND(ISNUMBER(K32),K32>0),M32/K32,"") | O32: =IF(AND(ISNUMBER(K32),K32>0),(L32-K32)/K32,"") | Q32: LOW | R32: =IF(ISNUMBER(G32),MAX(0,D32-Legend!$B$2*G32/7)*H32,0)
A33: APAC | B33: AP-NET-043 | C33: Network | D33: 630 | E33: 36 | F33: 26 | G33: 52.25 | H33: 560.61 | I33: =IF(AND(ISNUMBER(G33),G33>0),D33/(G33/7),"") | J33: =IF(AND(ISNUMBER(E33),D33<E33),1,0) | K33: 489 | L33: 466 | M33: 53 | N33: =IF(AND(ISNUMBER(K33),K33>0),M33/K33,"") | O33: =IF(AND(ISNUMBER(K33),K33>0),(L33-K33)/K33,"") | Q33: LOW | R33: =IF(ISNUMBER(G33),MAX(0,D33-Legend!$B$2*G33/7)*H33,0)
A34: APAC | B34: AP-STO-004 | C34: Storage | D34: 1600 | E34: 92 | F34: 18 | G34: 179.25 | H34: 301.86 | I34: =IF(AND(ISNUMBER(G34),G34>0),D34/(G34/7),"") | J34: =IF(AND(ISNUMBER(E34),D34<E34),1,0) | K34: 1767 | L34: 1638 | M34: 235 | N34: =IF(AND(ISNUMBER(K34),K34>0),M34/K34,"") | O34: =IF(AND(ISNUMBER(K34),K34>0),(L34-K34)/K34,"") | Q34: LOW | R34: =IF(ISNUMBER(G34),MAX(0,D34-Legend!$B$2*G34/7)*H34,0)
A35: APAC | B35: AP-STO-008 | C35: Storage | D35: 241 | E35: 51 | F35: 33 | G35: 56.5 | H35: 135.83 | I35: =IF(AND(ISNUMBER(G35),G35>0),D35/(G35/7),"") | J35: =IF(AND(ISNUMBER(E35),D35<E35),1,0) | K35: 370 | L35: 435 | M35: 69 | N35: =IF(AND(ISNUMBER(K35),K35>0),M35/K35,"") | O35: =IF(AND(ISNUMBER(K35),K35>0),(L35-K35)/K35,"") | Q35: LOW | R35: =IF(ISNUMBER(G35),MAX(0,D35-Legend!$B$2*G35/7)*H35,0)
A36: APAC | B36: AP-STO-012 | C36: Storage | D36: 753 | F36: 15 | G36: 159.75 | H36: 679.67 | I36: =IF(AND(ISNUMBER(G36),G36>0),D36/(G36/7),"") | J36: =IF(AND(ISNUMBER(E36),D36<E36),1,0) | K36: 1243 | L36: 1197 | M36: 176 | N36: =IF(AND(ISNUMBER(K36),K36>0),M36/K36,"") | O36: =IF(AND(ISNUMBER(K36),K36>0),(L36-K36)/K36,"") | Q36: LOW | R36: =IF(ISNUMBER(G36),MAX(0,D36-Legend!$B$2*G36/7)*H36,0)
A37: APAC | B37: AP-STO-016 | C37: Storage | D37: 892 | E37: 25 | F37: 17 | G37: 37 | H37: 820.93 | I37: =IF(AND(ISNUMBER(G37),G37>0),D37/(G37/7),"") | J37: =IF(AND(ISNUMBER(E37),D37<E37),1,0) | K37: 337 | L37: 304 | M37: 79 | N37: =IF(AND(ISNUMBER(K37),K37>0),M37/K37,"") | O37: =IF(AND(ISNUMBER(K37),K37>0),(L37-K37)/K37,"") | Q37: LOW | R37: =IF(ISNUMBER(G37),MAX(0,D37-Legend!$B$2*G37/7)*H37,0)
A38: APAC | B38: AP-STO-020 | C38: Storage | D38: 351 | E38: 53 | F38: 24 | G38: 129 | H38: 613.64 | I38: =IF(AND(ISNUMBER(G38),G38>0),D38/(G38/7),"") | J38: =IF(AND(ISNUMBER(E38),D38<E38),1,0) | K38: 810 | L38: 935 | M38: 193 | N38: =IF(AND(ISNUMBER(K38),K38>0),M38/K38,"") | O38: =IF(AND(ISNUMBER(K38),K38>0),(L38-K38)/K38,"") | Q38: LOW | R38: =IF(ISNUMBER(G38),MAX(0,D38-Legend!$B$2*G38/7)*H38,0)
A39: APAC | B39: AP-STO-024 | C39: Storage | D39: 576 | E39: 53 | F39: 28 | G39: 114.25 | H39: 749.3 | I39: =IF(AND(ISNUMBER(G39),G39>0),D39/(G39/7),"") | J39: =IF(AND(ISNUMBER(E39),D39<E39),1,0) | K39: 759 | L39: 826 | M39: 101 | N39: =IF(AND(ISNUMBER(K39),K39>0),M39/K39,"") | O39: =IF(AND(ISNUMBER(K39),K39>0),(L39-K39)/K39,"") | Q39: LOW | R39: =IF(ISNUMBER(G39),MAX(0,D39-Legend!$B$2*G39/7)*H39,0)
A40: APAC | B40: AP-STO-028 | C40: Storage | D40: 499 | E40: 66 | F40: 21 | G40: 84 | H40: 75.89 | I40: =IF(AND(ISNUMBER(G40),G40>0),D40/(G40/7),"") | J40: =IF(AND(ISNUMBER(E40),D40<E40),1,0) | K40: 711 | L40: 764 | M40: 237 | N40: =IF(AND(ISNUMBER(K40),K40>0),M40/K40,"") | O40: =IF(AND(ISNUMBER(K40),K40>0),(L40-K40)/K40,"") | Q40: LOW | R40: =IF(ISNUMBER(G40),MAX(0,D40-Legend!$B$2*G40/7)*H40,0)
A41: APAC | B41: AP-STO-032 | C41: Storage | D41: 253 | E41: 34 | F41: 16 | G41: 68.75 | H41: 675.08 | I41: =IF(AND(ISNUMBER(G41),G41>0),D41/(G41/7),"") | J41: =IF(AND(ISNUMBER(E41),D41<E41),1,0) | K41: 580 | L41: 579 | M41: 75 | N41: =IF(AND(ISNUMBER(K41),K41>0),M41/K41,"") | O41: =IF(AND(ISNUMBER(K41),K41>0),(L41-K41)/K41,"") | Q41: LOW | R41: =IF(ISNUMBER(G41),MAX(0,D41-Legend!$B$2*G41/7)*H41,0)
A42: APAC | B42: AP-STO-036 | C42: Storage | D42: 2563 | E42: 135 | F42: 30 | G42: 257 | H42: 653.63 | I42: =IF(AND(ISNUMBER(G42),G42>0),D42/(G42/7),"") | J42: =IF(AND(ISNUMBER(E42),D42<E42),1,0) | K42: 1795 | L42: 1894 | M42: 251 | N42: =IF(AND(ISNUMBER(K42),K42>0),M42/K42,"") | O42: =IF(AND(ISNUMBER(K42),K42>0),(L42-K42)/K42,"") | Q42: LOW | R42: =IF(ISNUMBER(G42),MAX(0,D42-Legend!$B$2*G42/7)*H42,0)
A43: APAC | B43: AP-STO-040 | C43: Storage | D43: 1512 | E43: 95 | F43: 29 | G43: 102 | H43: 389.4 | I43: =IF(AND(ISNUMBER(G43),G43>0),D43/(G43/7),"") | J43: =IF(AND(ISNUMBER(E43),D43<E43),1,0) | K43: 897 | L43: 832 | M43: 103 | N43: =IF(AND(ISNUMBER(K43),K43>0),M43/K43,"") | O43: =IF(AND(ISNUMBER(K43),K43>0),(L43-K43)/K43,"") | Q43: LOW | R43: =IF(ISNUMBER(G43),MAX(0,D43-Legend!$B$2*G43/7)*H43,0)
A44: APAC | B44: AP-STO-044 | C44: Storage | D44: 74 | E44: 53 | F44: 16 | G44: 134.75 | H44: 778.16 | I44: =IF(AND(ISNUMBER(G44),G44>0),D44/(G44/7),"") | J44: =IF(AND(ISNUMBER(E44),D44<E44),1,0) | K44: 783 | L44: 897 | M44: 128 | N44: =IF(AND(ISNUMBER(K44),K44>0),M44/K44,"") | O44: =IF(AND(ISNUMBER(K44),K44>0),(L44-K44)/K44,"") | P44: 4 | Q44: MEDIUM | R44: =IF(ISNUMBER(G44),MAX(0,D44-Legend!$B$2*G44/7)*H44,0)
A45: India | B45: IN-ACC-002 | C45: Accessories | D45: 238 | E45: 37 | F45: 13 | G45: 99 | H45: 711.03 | I45: =IF(AND(ISNUMBER(G45),G45>0),D45/(G45/7),"") | J45: =IF(AND(ISNUMBER(E45),D45<E45),1,0) | K45: 758 | L45: 721 | M45: 69 | N45: =IF(AND(ISNUMBER(K45),K45>0),M45/K45,"") | O45: =IF(AND(ISNUMBER(K45),K45>0),(L45-K45)/K45,"") | Q45: LOW | R45: =IF(ISNUMBER(G45),MAX(0,D45-Legend!$B$2*G45/7)*H45,0)
A46: India | B46: IN-ACC-006 | C46: Accessories | D46: 830 | E46: 61 | F46: 28 | G46: 94.25 | H46: 109.71 | I46: =IF(AND(ISNUMBER(G46),G46>0),D46/(G46/7),"") | J46: =IF(AND(ISNUMBER(E46),D46<E46),1,0) | K46: 755 | L46: 825 | M46: 104 | N46: =IF(AND(ISNUMBER(K46),K46>0),M46/K46,"") | O46: =IF(AND(ISNUMBER(K46),K46>0),(L46-K46)/K46,"") | Q46: LOW | R46: =IF(ISNUMBER(G46),MAX(0,D46-Legend!$B$2*G46/7)*H46,0)
A47: India | B47: IN-ACC-010 | C47: Accessories | D47: 279 | E47: 34 | F47: 27 | G47: 43.5 | H47: 717.78 | I47: =IF(AND(ISNUMBER(G47),G47>0),D47/(G47/7),"") | J47: =IF(AND(ISNUMBER(E47),D47<E47),1,0) | K47: 381 | L47: 377 | M47: 64 | N47: =IF(AND(ISNUMBER(K47),K47>0),M47/K47,"") | O47: =IF(AND(ISNUMBER(K47),K47>0),(L47-K47)/K47,"") | Q47: LOW | R47: =IF(ISNUMBER(G47),MAX(0,D47-Legend!$B$2*G47/7)*H47,0)
A48: India | B48: IN-ACC-014 | C48: Accessories | D48: 544 | E48: 52 | F48: 17 | G48: 85.75 | H48: 58.81 | I48: =IF(AND(ISNUMBER(G48),G48>0),D48/(G48/7),"") | J48: =IF(AND(ISNUMBER(E48),D48<E48),1,0) | K48: 799 | L48: 758 | M48: 131 | N48: =IF(AND(ISNUMBER(K48),K48>0),M48/K48,"") | O48: =IF(AND(ISNUMBER(K48),K48>0),(L48-K48)/K48,"") | Q48: LOW | R48: =IF(ISNUMBER(G48),MAX(0,D48-Legend!$B$2*G48/7)*H48,0)
A49: India | B49: IN-ACC-018 | C49: Accessories | D49: 854 | E49: 157 | F49: 18 | G49: 198 | H49: 700.08 | I49: =IF(AND(ISNUMBER(G49),G49>0),D49/(G49/7),"") | J49: =IF(AND(ISNUMBER(E49),D49<E49),1,0) | K49: 1896 | L49: 1825 | M49: 571 | N49: =IF(AND(ISNUMBER(K49),K49>0),M49/K49,"") | O49: =IF(AND(ISNUMBER(K49),K49>0),(L49-K49)/K49,"") | Q49: LOW | R49: =IF(ISNUMBER(G49),MAX(0,D49-Legend!$B$2*G49/7)*H49,0)
A50: India | B50: IN-ACC-022 | C50: Accessories | D50: 584 | E50: 55 | F50: 21 | G50: 67.75 | H50: 789.64 | I50: =IF(AND(ISNUMBER(G50),G50>0),D50/(G50/7),"") | J50: =IF(AND(ISNUMBER(E50),D50<E50),1,0) | K50: 577 | L50: 623 | M50: 82 | N50: =IF(AND(ISNUMBER(K50),K50>0),M50/K50,"") | O50: =IF(AND(ISNUMBER(K50),K50>0),(L50-K50)/K50,"") | Q50: LOW | R50: =IF(ISNUMBER(G50),MAX(0,D50-Legend!$B$2*G50/7)*H50,0)
A51: India | B51: IN-ACC-026 | C51: Accessories | D51: 1152 | E51: 44 | F51: 29 | G51: 80.75 | H51: 664.77 | I51: =IF(AND(ISNUMBER(G51),G51>0),D51/(G51/7),"") | J51: =IF(AND(ISNUMBER(E51),D51<E51),1,0) | K51: 616 | L51: 634 | M51: 78 | N51: =IF(AND(ISNUMBER(K51),K51>0),M51/K51,"") | O51: =IF(AND(ISNUMBER(K51),K51>0),(L51-K51)/K51,"") | Q51: LOW | R51: =IF(ISNUMBER(G51),MAX(0,D51-Legend!$B$2*G51/7)*H51,0)
A52: India | B52: IN-ACC-030 | C52: Accessories | D52: 952 | E52: 25 | F52: 10 | G52: 35.25 | H52: 370.47 | I52: =IF(AND(ISNUMBER(G52),G52>0),D52/(G52/7),"") | J52: =IF(AND(ISNUMBER(E52),D52<E52),1,0) | K52: 268 | L52: 275 | M52: 53 | N52: =IF(AND(ISNUMBER(K52),K52>0),M52/K52,"") | O52: =IF(AND(ISNUMBER(K52),K52>0),(L52-K52)/K52,"") | Q52: LOW | R52: =IF(ISNUMBER(G52),MAX(0,D52-Legend!$B$2*G52/7)*H52,0)
A53: India | B53: IN-ACC-038 | C53: Accessories | D53: 1574 | E53: 193 | F53: 29 | G53: 420.75 | H53: 290.11 | I53: =IF(AND(ISNUMBER(G53),G53>0),D53/(G53/7),"") | J53: =IF(AND(ISNUMBER(E53),D53<E53),1,0) | K53: 2941 | L53: 2958 | M53: 427 | N53: =IF(AND(ISNUMBER(K53),K53>0),M53/K53,"") | O53: =IF(AND(ISNUMBER(K53),K53>0),(L53-K53)/K53,"") | P53: 3 | Q53: HIGH | R53: =IF(ISNUMBER(G53),MAX(0,D53-Legend!$B$2*G53/7)*H53,0)
A54: India | B54: IN-DEV-001 | C54: Devices | D54: 270 | E54: 57 | F54: 24 | G54: 92 | H54: 446.66 | I54: =IF(AND(ISNUMBER(G54),G54>0),D54/(G54/7),"") | J54: =IF(AND(ISNUMBER(E54),D54<E54),1,0) | K54: 667 | L54: 686 | M54: 69 | N54: =IF(AND(ISNUMBER(K54),K54>0),M54/K54,"") | O54: =IF(AND(ISNUMBER(K54),K54>0),(L54-K54)/K54,"") | Q54: LOW | R54: =IF(ISNUMBER(G54),MAX(0,D54-Legend!$B$2*G54/7)*H54,0)
A55: India | B55: IN-DEV-005 | C55: Devices | D55: 382 | E55: 47 | F55: 17 | G55: 73.5 | H55: 277.75 | I55: =IF(AND(ISNUMBER(G55),G55>0),D55/(G55/7),"") | J55: =IF(AND(ISNUMBER(E55),D55<E55),1,0) | K55: 514 | L55: 664 | M55: 150 | N55: =IF(AND(ISNUMBER(K55),K55>0),M55/K55,"") | O55: =IF(AND(ISNUMBER(K55),K55>0),(L55-K55)/K55,"") | Q55: LOW | R55: =IF(ISNUMBER(G55),MAX(0,D55-Legend!$B$2*G55/7)*H55,0)
A56: India | B56: IN-DEV-009 | C56: Devices | D56: 3823 | E56: 206 | F56: 26 | G56: 364 | H56: 394.18 | I56: =IF(AND(ISNUMBER(G56),G56>0),D56/(G56/7),"") | J56: =IF(AND(ISNUMBER(E56),D56<E56),1,0) | K56: 3085 | L56: 2662 | M56: 715 | N56: =IF(AND(ISNUMBER(K56),K56>0),M56/K56,"") | O56: =IF(AND(ISNUMBER(K56),K56>0),(L56-K56)/K56,"") | Q56: LOW | R56: =IF(ISNUMBER(G56),MAX(0,D56-Legend!$B$2*G56/7)*H56,0)
A57: India | B57: IN-DEV-013 | C57: Devices | D57: 1670 | E57: 254 | F57: 19 | G57: 569.25 | H57: 634.74 | I57: =IF(AND(ISNUMBER(G57),G57>0),D57/(G57/7),"") | J57: =IF(AND(ISNUMBER(E57),D57<E57),1,0) | K57: 4535 | L57: 4529 | M57: 820 | N57: =IF(AND(ISNUMBER(K57),K57>0),M57/K57,"") | O57: =IF(AND(ISNUMBER(K57),K57>0),(L57-K57)/K57,"") | P57: 4 | Q57: MEDIUM | R57: =IF(ISNUMBER(G57),MAX(0,D57-Legend!$B$2*G57/7)*H57,0)
A58: India | B58: IN-DEV-017 | C58: Devices | D58: 76 | E58: 35 | F58: 12 | G58: 90 | H58: 338.27 | I58: =IF(AND(ISNUMBER(G58),G58>0),D58/(G58/7),"") | J58: =IF(AND(ISNUMBER(E58),D58<E58),1,0) | K58: 715 | L58: 696 | M58: 101 | N58: =IF(AND(ISNUMBER(K58),K58>0),M58/K58,"") | O58: =IF(AND(ISNUMBER(K58),K58>0),(L58-K58)/K58,"") | P58: 0 | Q58: HIGH | R58: =IF(ISNUMBER(G58),MAX(0,D58-Legend!$B$2*G58/7)*H58,0)
A59: India | B59: IN-DEV-021 | C59: Devices | D59: 171 | E59: 54 | F59: 18 | G59: 131.25 | H59: 646.69 | I59: =IF(AND(ISNUMBER(G59),G59>0),D59/(G59/7),"") | J59: =IF(AND(ISNUMBER(E59),D59<E59),1,0) | K59: 955 | L59: 937 | M59: 124 | N59: =IF(AND(ISNUMBER(K59),K59>0),M59/K59,"") | O59: =IF(AND(ISNUMBER(K59),K59>0),(L59-K59)/K59,"") | Q59: LOW | R59: =IF(ISNUMBER(G59),MAX(0,D59-Legend!$B$2*G59/7)*H59,0)
A60: India | B60: IN-DEV-025 | C60: Devices | D60: 240 | E60: 53 | F60: 25 | G60: 47 | H60: 739.68 | I60: =IF(AND(ISNUMBER(G60),G60>0),D60/(G60/7),"") | J60: =IF(AND(ISNUMBER(E60),D60<E60),1,0) | K60: 455 | L60: 433 | M60: 72 | N60: =IF(AND(ISNUMBER(K60),K60>0),M60/K60,"") | O60: =IF(AND(ISNUMBER(K60),K60>0),(L60-K60)/K60,"") | Q60: LOW | R60: =IF(ISNUMBER(G60),MAX(0,D60-Legend!$B$2*G60/7)*H60,0)
A61: India | B61: IN-DEV-029 | C61: Devices | D61: 2558 | F61: 18 | G61: 152.25 | H61: 753.1 | I61: =IF(AND(ISNUMBER(G61),G61>0),D61/(G61/7),"") | J61: =IF(AND(ISNUMBER(E61),D61<E61),1,0) | K61: 1353 | L61: 1174 | M61: 293 | N61: =IF(AND(ISNUMBER(K61),K61>0),M61/K61,"") | O61: =IF(AND(ISNUMBER(K61),K61>0),(L61-K61)/K61,"") | Q61: LOW | R61: =IF(ISNUMBER(G61),MAX(0,D61-Legend!$B$2*G61/7)*H61,0)
A62: India | B62: IN-DEV-033 | C62: Devices | D62: 189 | E62: 44 | F62: 27 | G62: 56.5 | H62: 568.13 | I62: =IF(AND(ISNUMBER(G62),G62>0),D62/(G62/7),"") | J62: =IF(AND(ISNUMBER(E62),D62<E62),1,0) | K62: 472 | L62: 483 | M62: 85 | N62: =IF(AND(ISNUMBER(K62),K62>0),M62/K62,"") | O62: =IF(AND(ISNUMBER(K62),K62>0),(L62-K62)/K62,"") | Q62: LOW | R62: =IF(ISNUMBER(G62),MAX(0,D62-Legend!$B$2*G62/7)*H62,0)
A63: India | B63: IN-DEV-037 | C63: Devices | D63: 545 | F63: 15 | G63: 73.75 | H63: 48.86 | I63: =IF(AND(ISNUMBER(G63),G63>0),D63/(G63/7),"") | J63: =IF(AND(ISNUMBER(E63),D63<E63),1,0) | K63: 601 | L63: 584 | M63: 89 | N63: =IF(AND(ISNUMBER(K63),K63>0),M63/K63,"") | O63: =IF(AND(ISNUMBER(K63),K63>0),(L63-K63)/K63,"") | Q63: LOW | R63: =IF(ISNUMBER(G63),MAX(0,D63-Legend!$B$2*G63/7)*H63,0)
A64: India | B64: IN-NET-003 | C64: Network | D64: 308 | E64: 14 | F64: 10 | G64: 33.75 | H64: 293.16 | I64: =IF(AND(ISNUMBER(G64),G64>0),D64/(G64/7),"") | J64: =IF(AND(ISNUMBER(E64),D64<E64),1,0) | K64: 251 | L64: 264 | M64: 51 | N64: =IF(AND(ISNUMBER(K64),K64>0),M64/K64,"") | O64: =IF(AND(ISNUMBER(K64),K64>0),(L64-K64)/K64,"") | Q64: LOW | R64: =IF(ISNUMBER(G64),MAX(0,D64-Legend!$B$2*G64/7)*H64,0)
A65: India | B65: IN-NET-007 | C65: Network | D65: 285 | E65: 115 | F65: 25 | G65: 95.25 | H65: 591.23 | I65: =IF(AND(ISNUMBER(G65),G65>0),D65/(G65/7),"") | J65: =IF(AND(ISNUMBER(E65),D65<E65),1,0) | K65: 999 | L65: 964 | M65: 195 | N65: =IF(AND(ISNUMBER(K65),K65>0),M65/K65,"") | O65: =IF(AND(ISNUMBER(K65),K65>0),(L65-K65)/K65,"") | Q65: LOW | R65: =IF(ISNUMBER(G65),MAX(0,D65-Legend!$B$2*G65/7)*H65,0)
A66: India | B66: IN-NET-011 | C66: Network | D66: 117 | E66: 60 | F66: 30 | G66: 85 | H66: 750.09 | I66: =IF(AND(ISNUMBER(G66),G66>0),D66/(G66/7),"") | J66: =IF(AND(ISNUMBER(E66),D66<E66),1,0) | K66: 633 | L66: 621 | M66: 104 | N66: =IF(AND(ISNUMBER(K66),K66>0),M66/K66,"") | O66: =IF(AND(ISNUMBER(K66),K66>0),(L66-K66)/K66,"") | Q66: LOW | R66: =IF(ISNUMBER(G66),MAX(0,D66-Legend!$B$2*G66/7)*H66,0)
A67: India | B67: IN-NET-015 | C67: Network | D67: 682 | E67: 112 | F67: 29 | G67: 109.25 | H67: 249.87 | I67: =IF(AND(ISNUMBER(G67),G67>0),D67/(G67/7),"") | J67: =IF(AND(ISNUMBER(E67),D67<E67),1,0) | K67: 973 | L67: 1026 | M67: 177 | N67: =IF(AND(ISNUMBER(K67),K67>0),M67/K67,"") | O67: =IF(AND(ISNUMBER(K67),K67>0),(L67-K67)/K67,"") | Q67: LOW | R67: =IF(ISNUMBER(G67),MAX(0,D67-Legend!$B$2*G67/7)*H67,0)
A68: India | B68: IN-NET-019 | C68: Network | D68: 404 | E68: 61 | F68: 18 | G68: 61.75 | H68: 884.92 | I68: =IF(AND(ISNUMBER(G68),G68>0),D68/(G68/7),"") | J68: =IF(AND(ISNUMBER(E68),D68<E68),1,0) | K68: 566 | L68: 581 | M68: 117 | N68: =IF(AND(ISNUMBER(K68),K68>0),M68/K68,"") | O68: =IF(AND(ISNUMBER(K68),K68>0),(L68-K68)/K68,"") | Q68: LOW | R68: =IF(ISNUMBER(G68),MAX(0,D68-Legend!$B$2*G68/7)*H68,0)
A69: India | B69: IN-NET-023 | C69: Network | D69: 227 | E69: 69 | F69: 29 | G69: 103.5 | H69: 272.19 | I69: =IF(AND(ISNUMBER(G69),G69>0),D69/(G69/7),"") | J69: =IF(AND(ISNUMBER(E69),D69<E69),1,0) | K69: 883 | L69: 847 | M69: 150 | N69: =IF(AND(ISNUMBER(K69),K69>0),M69/K69,"") | O69: =IF(AND(ISNUMBER(K69),K69>0),(L69-K69)/K69,"") | Q69: LOW | R69: =IF(ISNUMBER(G69),MAX(0,D69-Legend!$B$2*G69/7)*H69,0)
A70: India | B70: IN-NET-027 | C70: Network | D70: 196 | E70: 34 | F70: 27 | G70: 51.25 | H70: 593.82 | I70: =IF(AND(ISNUMBER(G70),G70>0),D70/(G70/7),"") | J70: =IF(AND(ISNUMBER(E70),D70<E70),1,0) | K70: 411 | L70: 372 | M70: 71 | N70: =IF(AND(ISNUMBER(K70),K70>0),M70/K70,"") | O70: =IF(AND(ISNUMBER(K70),K70>0),(L70-K70)/K70,"") | Q70: LOW | R70: =IF(ISNUMBER(G70),MAX(0,D70-Legend!$B$2*G70/7)*H70,0)
A71: India | B71: IN-NET-031 | C71: Network | D71: 345 | E71: 121 | F71: 29 | G71: 219.25 | H71: 105.96 | I71: =IF(AND(ISNUMBER(G71),G71>0),D71/(G71/7),"") | J71: =IF(AND(ISNUMBER(E71),D71<E71),1,0) | K71: 1244 | L71: 1790 | M71: 552 | N71: =IF(AND(ISNUMBER(K71),K71>0),M71/K71,"") | O71: =IF(AND(ISNUMBER(K71),K71>0),(L71-K71)/K71,"") | P71: 1 | Q71: HIGH | R71: =IF(ISNUMBER(G71),MAX(0,D71-Legend!$B$2*G71/7)*H71,0)
A72: India | B72: IN-NET-035 | C72: Network | D72: 790 | E72: 146 | F72: 27 | G72: 155 | H72: 117.4 | I72: =IF(AND(ISNUMBER(G72),G72>0),D72/(G72/7),"") | J72: =IF(AND(ISNUMBER(E72),D72<E72),1,0) | K72: 1282 | L72: 1295 | M72: 225 | N72: =IF(AND(ISNUMBER(K72),K72>0),M72/K72,"") | O72: =IF(AND(ISNUMBER(K72),K72>0),(L72-K72)/K72,"") | Q72: LOW | R72: =IF(ISNUMBER(G72),MAX(0,D72-Legend!$B$2*G72/7)*H72,0)
A73: India | B73: IN-NET-039 | C73: Network | D73: 373 | E73: 33 | F73: 23 | G73: 41 | H73: 60.45 | I73: =IF(AND(ISNUMBER(G73),G73>0),D73/(G73/7),"") | J73: =IF(AND(ISNUMBER(E73),D73<E73),1,0) | K73: 314 | L73: 318 | M73: 54 | N73: =IF(AND(ISNUMBER(K73),K73>0),M73/K73,"") | O73: =IF(AND(ISNUMBER(K73),K73>0),(L73-K73)/K73,"") | Q73: LOW | R73: =IF(ISNUMBER(G73),MAX(0,D73-Legend!$B$2*G73/7)*H73,0)
A74: India | B74: IN-STO-004 | C74: Storage | D74: 77 | E74: 21 | F74: 16 | G74: 53.25 | H74: 204.95 | I74: =IF(AND(ISNUMBER(G74),G74>0),D74/(G74/7),"") | J74: =IF(AND(ISNUMBER(E74),D74<E74),1,0) | K74: 359 | L74: 364 | M74: 75 | N74: =IF(AND(ISNUMBER(K74),K74>0),M74/K74,"") | O74: =IF(AND(ISNUMBER(K74),K74>0),(L74-K74)/K74,"") | P74: 1 | Q74: HIGH | R74: =IF(ISNUMBER(G74),MAX(0,D74-Legend!$B$2*G74/7)*H74,0)
A75: India | B75: IN-STO-008 | C75: Storage | D75: 3291 | E75: 166 | F75: 16 | G75: 391.75 | H75: 575.44 | I75: =IF(AND(ISNUMBER(G75),G75>0),D75/(G75/7),"") | J75: =IF(AND(ISNUMBER(E75),D75<E75),1,0) | K75: 3147 | L75: 3344 | M75: 781 | N75: =IF(AND(ISNUMBER(K75),K75>0),M75/K75,"") | O75: =IF(AND(ISNUMBER(K75),K75>0),(L75-K75)/K75,"") | Q75: LOW | R75: =IF(ISNUMBER(G75),MAX(0,D75-Legend!$B$2*G75/7)*H75,0)
A76: India | B76: IN-STO-012 | C76: Storage | D76: 727 | E76: 46 | F76: 29 | G76: 50.75 | H76: 462.46 | I76: =IF(AND(ISNUMBER(G76),G76>0),D76/(G76/7),"") | J76: =IF(AND(ISNUMBER(E76),D76<E76),1,0) | K76: 470 | L76: 444 | M76: 70 | N76: =IF(AND(ISNUMBER(K76),K76>0),M76/K76,"") | O76: =IF(AND(ISNUMBER(K76),K76>0),(L76-K76)/K76,"") | Q76: LOW | R76: =IF(ISNUMBER(G76),MAX(0,D76-Legend!$B$2*G76/7)*H76,0)
A77: India | B77: IN-STO-016 | C77: Storage | D77: 92 | E77: 23 | F77: 14 | G77: 61 | H77: 107.42 | I77: =IF(AND(ISNUMBER(G77),G77>0),D77/(G77/7),"") | J77: =IF(AND(ISNUMBER(E77),D77<E77),1,0) | K77: 455 | L77: 474 | M77: 63 | N77: =IF(AND(ISNUMBER(K77),K77>0),M77/K77,"") | O77: =IF(AND(ISNUMBER(K77),K77>0),(L77-K77)/K77,"") | P77: 1 | Q77: HIGH | R77: =IF(ISNUMBER(G77),MAX(0,D77-Legend!$B$2*G77/7)*H77,0)
A78: India | B78: IN-STO-020 | C78: Storage | D78: 206 | E78: 71 | F78: 21 | G78: 97.5 | H78: 296.48 | I78: =IF(AND(ISNUMBER(G78),G78>0),D78/(G78/7),"") | J78: =IF(AND(ISNUMBER(E78),D78<E78),1,0) | K78: 777 | L78: 830 | M78: 177 | N78: =IF(AND(ISNUMBER(K78),K78>0),M78/K78,"") | O78: =IF(AND(ISNUMBER(K78),K78>0),(L78-K78)/K78,"") | Q78: LOW | R78: =IF(ISNUMBER(G78),MAX(0,D78-Legend!$B$2*G78/7)*H78,0)
A79: India | B79: IN-STO-024 | C79: Storage | D79: 1072 | E79: 72 | F79: 12 | G79: 182 | H79: 532.83 | I79: =IF(AND(ISNUMBER(G79),G79>0),D79/(G79/7),"") | J79: =IF(AND(ISNUMBER(E79),D79<E79),1,0) | K79: 1272 | L79: 1262 | M79: 222 | N79: =IF(AND(ISNUMBER(K79),K79>0),M79/K79,"") | O79: =IF(AND(ISNUMBER(K79),K79>0),(L79-K79)/K79,"") | Q79: LOW | R79: =IF(ISNUMBER(G79),MAX(0,D79-Legend!$B$2*G79/7)*H79,0)
A80: India | B80: IN-STO-028 | C80: Storage | D80: 174 | E80: 23 | F80: 20 | G80: 37 | H80: 295.68 | I80: =IF(AND(ISNUMBER(G80),G80>0),D80/(G80/7),"") | J80: =IF(AND(ISNUMBER(E80),D80<E80),1,0) | K80: 298 | L80: 298 | M80: 38 | N80: =IF(AND(ISNUMBER(K80),K80>0),M80/K80,"") | O80: =IF(AND(ISNUMBER(K80),K80>0),(L80-K80)/K80,"") | Q80: LOW | R80: =IF(ISNUMBER(G80),MAX(0,D80-Legend!$B$2*G80/7)*H80,0)
A81: India | B81: IN-STO-036 | C81: Storage | D81: 314 | E81: 95 | F81: 14 | G81: 178.25 | H81: 408.43 | I81: =IF(AND(ISNUMBER(G81),G81>0),D81/(G81/7),"") | J81: =IF(AND(ISNUMBER(E81),D81<E81),1,0) | K81: 1332 | L81: 1465 | M81: 239 | N81: =IF(AND(ISNUMBER(K81),K81>0),M81/K81,"") | O81: =IF(AND(ISNUMBER(K81),K81>0),(L81-K81)/K81,"") | P81: 1 | Q81: HIGH | R81: =IF(ISNUMBER(G81),MAX(0,D81-Legend!$B$2*G81/7)*H81,0)
A82: India | B82: IN-STO-040 | C82: Storage | D82: 265 | E82: 50 | F82: 28 | G82: 57.75 | H82: 57.53 | I82: =IF(AND(ISNUMBER(G82),G82>0),D82/(G82/7),"") | J82: =IF(AND(ISNUMBER(E82),D82<E82),1,0) | K82: 513 | L82: 527 | M82: 64 | N82: =IF(AND(ISNUMBER(K82),K82>0),M82/K82,"") | O82: =IF(AND(ISNUMBER(K82),K82>0),(L82-K82)/K82,"") | Q82: LOW | R82: =IF(ISNUMBER(G82),MAX(0,D82-Legend!$B$2*G82/7)*H82,0)
A83: MENA-PAK | B83: MP-ACC-002 | C83: Accessories | D83: 546 | E83: 55 | F83: 49 | G83: 44.25 | H83: 736.94 | I83: =IF(AND(ISNUMBER(G83),G83>0),D83/(G83/7),"") | J83: =IF(AND(ISNUMBER(E83),D83<E83),1,0) | K83: 304 | L83: 343 | M83: 89 | N83: =IF(AND(ISNUMBER(K83),K83>0),M83/K83,"") | O83: =IF(AND(ISNUMBER(K83),K83>0),(L83-K83)/K83,"") | Q83: LOW | R83: =IF(ISNUMBER(G83),MAX(0,D83-Legend!$B$2*G83/7)*H83,0)
A84: MENA-PAK | B84: MP-ACC-006 | C84: Accessories | D84: 404 | E84: 78 | F84: 58 | G84: 66 | H84: 176.05 | I84: =IF(AND(ISNUMBER(G84),G84>0),D84/(G84/7),"") | J84: =IF(AND(ISNUMBER(E84),D84<E84),1,0) | K84: 466 | L84: 515 | M84: 111 | N84: =IF(AND(ISNUMBER(K84),K84>0),M84/K84,"") | O84: =IF(AND(ISNUMBER(K84),K84>0),(L84-K84)/K84,"") | Q84: LOW | R84: =IF(ISNUMBER(G84),MAX(0,D84-Legend!$B$2*G84/7)*H84,0)
A85: MENA-PAK | B85: MP-ACC-010 | C85: Accessories | D85: 294 | E85: 55 | F85: 29 | G85: 64.5 | H85: 46.77 | I85: =IF(AND(ISNUMBER(G85),G85>0),D85/(G85/7),"") | J85: =IF(AND(ISNUMBER(E85),D85<E85),1,0) | K85: 514 | L85: 539 | M85: 115 | N85: =IF(AND(ISNUMBER(K85),K85>0),M85/K85,"") | O85: =IF(AND(ISNUMBER(K85),K85>0),(L85-K85)/K85,"") | Q85: LOW | R85: =IF(ISNUMBER(G85),MAX(0,D85-Legend!$B$2*G85/7)*H85,0)
A86: MENA-PAK | B86: MP-ACC-014 | C86: Accessories | D86: 639 | E86: 172 | F86: 43 | G86: 110.5 | H86: 599.68 | I86: =IF(AND(ISNUMBER(G86),G86>0),D86/(G86/7),"") | J86: =IF(AND(ISNUMBER(E86),D86<E86),1,0) | K86: 859 | L86: 880 | M86: 377 | N86: =IF(AND(ISNUMBER(K86),K86>0),M86/K86,"") | O86: =IF(AND(ISNUMBER(K86),K86>0),(L86-K86)/K86,"") | Q86: LOW | R86: =IF(ISNUMBER(G86),MAX(0,D86-Legend!$B$2*G86/7)*H86,0)
A87: MENA-PAK | B87: MP-ACC-018 | C87: Accessories | D87: 1929 | E87: 275 | F87: 33 | G87: 246.25 | H87: 681.49 | I87: =IF(AND(ISNUMBER(G87),G87>0),D87/(G87/7),"") | J87: =IF(AND(ISNUMBER(E87),D87<E87),1,0) | K87: 1898 | L87: 2053 | M87: 583 | N87: =IF(AND(ISNUMBER(K87),K87>0),M87/K87,"") | O87: =IF(AND(ISNUMBER(K87),K87>0),(L87-K87)/K87,"") | Q87: LOW | R87: =IF(ISNUMBER(G87),MAX(0,D87-Legend!$B$2*G87/7)*H87,0)
A88: MENA-PAK | B88: MP-ACC-022 | C88: Accessories | D88: 1525 | E88: 278 | F88: 54 | G88: 210.25 | H88: 660.47 | I88: =IF(AND(ISNUMBER(G88),G88>0),D88/(G88/7),"") | J88: =IF(AND(ISNUMBER(E88),D88<E88),1,0) | K88: 1754 | L88: 1475 | M88: 345 | N88: =IF(AND(ISNUMBER(K88),K88>0),M88/K88,"") | O88: =IF(AND(ISNUMBER(K88),K88>0),(L88-K88)/K88,"") | Q88: LOW | R88: =IF(ISNUMBER(G88),MAX(0,D88-Legend!$B$2*G88/7)*H88,0)
A89: MENA-PAK | B89: MP-ACC-026 | C89: Accessories | D89: 152 | E89: 22 | F89: 37 | G89: 21 | H89: 766.97 | I89: =IF(AND(ISNUMBER(G89),G89>0),D89/(G89/7),"") | J89: =IF(AND(ISNUMBER(E89),D89<E89),1,0) | K89: 212 | L89: 189 | M89: 47 | N89: =IF(AND(ISNUMBER(K89),K89>0),M89/K89,"") | O89: =IF(AND(ISNUMBER(K89),K89>0),(L89-K89)/K89,"") | Q89: LOW | R89: =IF(ISNUMBER(G89),MAX(0,D89-Legend!$B$2*G89/7)*H89,0)
A90: MENA-PAK | B90: MP-ACC-030 | C90: Accessories | D90: 602 | E90: 154 | F90: 55 | G90: 140.25 | H90: 514.03 | I90: =IF(AND(ISNUMBER(G90),G90>0),D90/(G90/7),"") | J90: =IF(AND(ISNUMBER(E90),D90<E90),1,0) | K90: 1099 | L90: 1064 | M90: 293 | N90: =IF(AND(ISNUMBER(K90),K90>0),M90/K90,"") | O90: =IF(AND(ISNUMBER(K90),K90>0),(L90-K90)/K90,"") | Q90: LOW | R90: =IF(ISNUMBER(G90),MAX(0,D90-Legend!$B$2*G90/7)*H90,0)
A91: MENA-PAK | B91: MP-ACC-034 | C91: Accessories | D91: 328 | E91: 84 | F91: 29 | G91: 35.25 | H91: 529.84 | I91: =IF(AND(ISNUMBER(G91),G91>0),D91/(G91/7),"") | J91: =IF(AND(ISNUMBER(E91),D91<E91),1,0) | K91: 268 | L91: 277 | M91: 65 | N91: =IF(AND(ISNUMBER(K91),K91>0),M91/K91,"") | O91: =IF(AND(ISNUMBER(K91),K91>0),(L91-K91)/K91,"") | Q91: LOW | R91: =IF(ISNUMBER(G91),MAX(0,D91-Legend!$B$2*G91/7)*H91,0)
A92: MENA-PAK | B92: MP-DEV-001 | C92: Devices | D92: 222 | F92: 47 | G92: 69.5 | H92: 182.27 | I92: =IF(AND(ISNUMBER(G92),G92>0),D92/(G92/7),"") | J92: =IF(AND(ISNUMBER(E92),D92<E92),1,0) | K92: 530 | L92: 519 | M92: 87 | N92: =IF(AND(ISNUMBER(K92),K92>0),M92/K92,"") | O92: =IF(AND(ISNUMBER(K92),K92>0),(L92-K92)/K92,"") | Q92: LOW | R92: =IF(ISNUMBER(G92),MAX(0,D92-Legend!$B$2*G92/7)*H92,0)
A93: MENA-PAK | B93: MP-DEV-005 | C93: Devices | D93: 1429 | E93: 166 | F93: 53 | G93: 147 | H93: 809.15 | I93: =IF(AND(ISNUMBER(G93),G93>0),D93/(G93/7),"") | J93: =IF(AND(ISNUMBER(E93),D93<E93),1,0) | K93: 965 | L93: 1107 | M93: 216 | N93: =IF(AND(ISNUMBER(K93),K93>0),M93/K93,"") | O93: =IF(AND(ISNUMBER(K93),K93>0),(L93-K93)/K93,"") | Q93: LOW | R93: =IF(ISNUMBER(G93),MAX(0,D93-Legend!$B$2*G93/7)*H93,0)
A94: MENA-PAK | B94: MP-DEV-009 | C94: Devices | D94: 121 | E94: 53 | F94: 36 | G94: 51.75 | H94: 292.6 | I94: =IF(AND(ISNUMBER(G94),G94>0),D94/(G94/7),"") | J94: =IF(AND(ISNUMBER(E94),D94<E94),1,0) | K94: 341 | L94: 376 | M94: 73 | N94: =IF(AND(ISNUMBER(K94),K94>0),M94/K94,"") | O94: =IF(AND(ISNUMBER(K94),K94>0),(L94-K94)/K94,"") | Q94: LOW | R94: =IF(ISNUMBER(G94),MAX(0,D94-Legend!$B$2*G94/7)*H94,0)
A95: MENA-PAK | B95: MP-DEV-013 | C95: Devices | D95: 1537 | E95: 180 | F95: 39 | G95: 201.75 | H95: 513.38 | I95: =IF(AND(ISNUMBER(G95),G95>0),D95/(G95/7),"") | J95: =IF(AND(ISNUMBER(E95),D95<E95),1,0) | K95: 1612 | L95: 1706 | M95: 304 | N95: =IF(AND(ISNUMBER(K95),K95>0),M95/K95,"") | O95: =IF(AND(ISNUMBER(K95),K95>0),(L95-K95)/K95,"") | Q95: LOW | R95: =IF(ISNUMBER(G95),MAX(0,D95-Legend!$B$2*G95/7)*H95,0)
A96: MENA-PAK | B96: MP-DEV-017 | C96: Devices | D96: 1269 | E96: 427 | F96: 35 | G96: 452 | H96: 529.81 | I96: =IF(AND(ISNUMBER(G96),G96>0),D96/(G96/7),"") | J96: =IF(AND(ISNUMBER(E96),D96<E96),1,0) | K96: 3776 | L96: 3025 | M96: 751 | N96: =IF(AND(ISNUMBER(K96),K96>0),M96/K96,"") | O96: =IF(AND(ISNUMBER(K96),K96>0),(L96-K96)/K96,"") | Q96: LOW | R96: =IF(ISNUMBER(G96),MAX(0,D96-Legend!$B$2*G96/7)*H96,0)
A97: MENA-PAK | B97: MP-DEV-021 | C97: Devices | D97: 15487 | E97: 925 | F97: 38 | G97: 643 | H97: 231.18 | I97: =IF(AND(ISNUMBER(G97),G97>0),D97/(G97/7),"") | J97: =IF(AND(ISNUMBER(E97),D97<E97),1,0) | K97: 8232 | L97: 5283 | M97: 2997 | N97: =IF(AND(ISNUMBER(K97),K97>0),M97/K97,"") | O97: =IF(AND(ISNUMBER(K97),K97>0),(L97-K97)/K97,"") | Q97: LOW | R97: =IF(ISNUMBER(G97),MAX(0,D97-Legend!$B$2*G97/7)*H97,0)
A98: MENA-PAK | B98: MP-DEV-025 | C98: Devices | D98: 318 | E98: 105 | F98: 39 | G98: 103.25 | H98: 94.6 | I98: =IF(AND(ISNUMBER(G98),G98>0),D98/(G98/7),"") | J98: =IF(AND(ISNUMBER(E98),D98<E98),1,0) | K98: 788 | L98: 767 | M98: 203 | N98: =IF(AND(ISNUMBER(K98),K98>0),M98/K98,"") | O98: =IF(AND(ISNUMBER(K98),K98>0),(L98-K98)/K98,"") | Q98: LOW | R98: =IF(ISNUMBER(G98),MAX(0,D98-Legend!$B$2*G98/7)*H98,0)
A99: MENA-PAK | B99: MP-DEV-029 | C99: Devices | D99: 813 | E99: 238 | F99: 47 | G99: 198 | H99: 124.26 | I99: =IF(AND(ISNUMBER(G99),G99>0),D99/(G99/7),"") | J99: =IF(AND(ISNUMBER(E99),D99<E99),1,0) | K99: 1778 | L99: 1694 | M99: 254 | N99: =IF(AND(ISNUMBER(K99),K99>0),M99/K99,"") | O99: =IF(AND(ISNUMBER(K99),K99>0),(L99-K99)/K99,"") | Q99: LOW | R99: =IF(ISNUMBER(G99),MAX(0,D99-Legend!$B$2*G99/7)*H99,0)
A100: MENA-PAK | B100: MP-DEV-033 | C100: Devices | D100: 382 | E100: 34 | F100: 31 | G100: 38 | H100: 96.89 | I100: =IF(AND(ISNUMBER(G100),G100>0),D100/(G100/7),"") | J100: =IF(AND(ISNUMBER(E100),D100<E100),1,0) | K100: 242 | L100: 272 | M100: 66 | N100: =IF(AND(ISNUMBER(K100),K100>0),M100/K100,"") | O100: =IF(AND(ISNUMBER(K100),K100>0),(L100-K100)/K100,"") | Q100: LOW | R100: =IF(ISNUMBER(G100),MAX(0,D100-Legend!$B$2*G100/7)*H100,0)
...

Sheet Accuracy_SKU
A1: market | B1: sku | C1: actual_units_8w | D1: forecast_units_8w | E1: abs_err_8w | F1: wape | G1: bias
A2: APAC | B2: AP-ACC-002 | C2: 547 | D2: 472 | E2: 79 | F2: =IF(C2>0,E2/C2,"") | G2: =IF(C2>0,(D2-C2)/C2,"")
A3: APAC | B3: AP-ACC-006 | C3: 316 | D3: 327 | E3: 65 | F3: =IF(C3>0,E3/C3,"") | G3: =IF(C3>0,(D3-C3)/C3,"")
A4: APAC | B4: AP-ACC-010 | C4: 365 | D4: 373 | E4: 58 | F4: =IF(C4>0,E4/C4,"") | G4: =IF(C4>0,(D4-C4)/C4,"")
A5: APAC | B5: AP-ACC-014 | C5: 1302 | D5: 1259 | E5: 301 | F5: =IF(C5>0,E5/C5,"") | G5: =IF(C5>0,(D5-C5)/C5,"")
A6: APAC | B6: AP-ACC-018 | C6: 411 | D6: 403 | E6: 60 | F6: =IF(C6>0,E6/C6,"") | G6: =IF(C6>0,(D6-C6)/C6,"")
A7: APAC | B7: AP-ACC-022 | C7: 440 | D7: 612 | E7: 172 | F7: =IF(C7>0,E7/C7,"") | G7: =IF(C7>0,(D7-C7)/C7,"")
A8: APAC | B8: AP-ACC-026 | C8: 403 | D8: 407 | E8: 42 | F8: =IF(C8>0,E8/C8,"") | G8: =IF(C8>0,(D8-C8)/C8,"")
A9: APAC | B9: AP-ACC-030 | C9: 1039 | D9: 1032 | E9: 83 | F9: =IF(C9>0,E9/C9,"") | G9: =IF(C9>0,(D9-C9)/C9,"")
A10: APAC | B10: AP-ACC-034 | C10: 493 | D10: 480 | E10: 131 | F10: =IF(C10>0,E10/C10,"") | G10: =IF(C10>0,(D10-C10)/C10,"")
A11: APAC | B11: AP-ACC-038 | C11: 420 | D11: 399 | E11: 55 | F11: =IF(C11>0,E11/C11,"") | G11: =IF(C11>0,(D11-C11)/C11,"")
A12: APAC | B12: AP-ACC-042 | C12: 1321 | D12: 1419 | E12: 206 | F12: =IF(C12>0,E12/C12,"") | G12: =IF(C12>0,(D12-C12)/C12,"")
A13: APAC | B13: AP-DEV-001 | C13: 1070 | D13: 1189 | E13: 251 | F13: =IF(C13>0,E13/C13,"") | G13: =IF(C13>0,(D13-C13)/C13,"")
... A151: South Africa | B151: ZA-STO-028 | C151: 355 | D151: 326 | E151: 47 | F151: =IF(C151>0,E151/C151,"") | G151: =IF(C151>0,(D151-C151)/C151,"")

Sheet OTIF_Supplier
A1: market | B1: supplier | C1: pos | D1: on_time | E1: in_full | F1: otif_pos | G1: on_time_pct | H1: in_full_pct | I1: otif_pct
A2: APAC | B2: SUP-AP-01 | C2: 32 | D2: 27 | E2: 28 | F2: 24 | G2: =D2/C2 | H2: =E2/C2 | I2: =F2/C2
A3: APAC | B3: SUP-AP-02 | C3: 39 | D3: 35 | E3: 36 | F3: 32 | G3: =D3/C3 | H3: =E3/C3 | I3: =F3/C3
A4: APAC | B4: SUP-AP-03 | C4: 23 | D4: 15 | E4: 21 | F4: 15 | G4: =D4/C4 | H4: =E4/C4 | I4: =F4/C4
A5: APAC | B5: SUP-AP-04 | C5: 34 | D5: 30 | E5: 31 | F5: 29 | G5: =D5/C5 | H5: =E5/C5 | I5: =F5/C5
A6: APAC | B6: SUP-AP-05 | C6: 33 | D6: 24 | E6: 31 | F6: 23 | G6: =D6/C6 | H6: =E6/C6 | I6: =F6/C6
A7: APAC | B7: SUP-AP-06 | C7: 42 | D7: 37 | E7: 39 | F7: 34 | G7: =D7/C7 | H7: =E7/C7 | I7: =F7/C7
A8: India | B8: SUP-IN-01 | C8: 33 | D8: 25 | E8: 28 | F8: 20 | G8: =D8/C8 | H8: =E8/C8 | I8: =F8/C8
A9: India | B9: SUP-IN-02 | C9: 37 | D9: 27 | E9: 34 | F9: 24 | G9: =D9/C9 | H9: =E9/C9 | I9: =F9/C9
A10: India | B10: SUP-IN-03 | C10: 39 | D10: 25 | E10: 33 | F10: 22 | G10: =D10/C10 | H10: =E10/C10 | I10: =F10/C10
A11: India | B11: SUP-IN-04 | C11: 28 | D11: 22 | E11: 25 | F11: 20 | G11: =D11/C11 | H11: =E11/C11 | I11: =F11/C11
A12: India | B12: SUP-IN-05 | C12: 41 | D12: 28 | E12: 33 | F12: 23 | G12: =D12/C12 | H12: =E12/C12 | I12: =F12/C12
A13: MENA-PAK | B13: SUP-MP-01 | C13: 36 | D13: 35 | E13: 35 | F13: 34 | G13: =D13/C13 | H13: =E13/C13 | I13: =F13/C13
... A21: South Africa | B21: SUP-ZA-04 | C21: 32 | D21: 24 | E21: 29 | F21: 22 | G21: =D21/C21 | H21: =E21/C21 | I21: =F21/C21

Sheet Actions
A1: action_id | B1: market | C1: severity | D1: exc_type | E1: ref | F1: owner_role | G1: description | H1: due_date | I1: status | J1: days_overdue | K1: escalation_level | L1: created_week | M1: last_seen | N1: source | O1: note
A2: ACT-0001 | B2: South Africa | C2: P2 | D2: STOCKOUT_RISK | E2: ZA-STO-016 | F2: Supply Planner, South Africa | G2: Projected stockout in week 6 of 8 (lead time 36 d, cover 8.0 d) | H2: 46319 | I2: Open | J2: 2 | K2: 1 | L2: 46314 | M2: 46321 | N2: exception
A3: ACT-0002 | B3: APAC | C3: P1 | D3: STOCKOUT_RISK | E3: AP-NET-043 | F3: Supply Planner, APAC | G3: Projected stockout in week 2 of 8 (lead time 26 d, cover 13.0 d) | H3: 46316 | I3: Resolved-Verify | J3: 0 | K3: 0 | L3: 46314 | M3: 46314 | N3: exception | O3: Not flagged in run 2026-10-26; owner to confirm and close
A4: ACT-0003 | B4: India | C4: P2 | D4: STOCKOUT_RISK | E4: IN-DEV-021 | F4: Supply Planner, India | G4: Projected stockout in week 7 of 8 (lead time 18 d, cover 30.0 d) | H4: 46319 | I4: Resolved-Verify | J4: 0 | K4: 0 | L4: 46314 | M4: 46314 | N4: exception | O4: Not flagged in run 2026-10-26; owner to confirm and close
A5: ACT-0004 | B5: India | C5: P2 | D5: STOCKOUT_RISK | E5: IN-ACC-022 | F5: Supply Planner, India | G5: Projected stockout in week 6 of 8 (lead time 21 d, cover 20.0 d) | H5: 46319 | I5: Resolved-Verify | J5: 0 | K5: 0 | L5: 46314 | M5: 46314 | N5: exception | O5: Not flagged in run 2026-10-26; owner to confirm and close
A6: ACT-0005 | B6: India | C6: P1 | D6: STOCKOUT_RISK | E6: IN-ACC-038 | F6: Supply Planner, India | G6: Projected stockout in week 4 of 8 (lead time 29 d, cover 26.0 d) | H6: 46316 | I6: In Progress | J6: 5 | K6: 2 | L6: 46314 | M6: 46321 | N6: exception | O6: Owner contacted supplier (simulated update)
A7: ACT-0006 | B7: South Africa | C7: P1 | D7: STOCKOUT_RISK | E7: ZA-DEV-025 | F7: Supply Planner, South Africa | G7: Projected stockout in week 4 of 8 (lead time 54 d, cover 20.0 d) | H7: 46316 | I7: Resolved-Verify | J7: 0 | K7: 0 | L7: 46314 | M7: 46314 | N7: exception | O7: Not flagged in run 2026-10-26; owner to confirm and close
A8: ACT-0007 | B8: South Africa | C8: P1 | D8: STOCKOUT_RISK | E8: ZA-DEV-009 | F8: Supply Planner, South Africa | G8: Projected stockout in week 4 of 8 (lead time 45 d, cover 22.0 d) | H8: 46316 | I8: Resolved-Verify | J8: 0 | K8: 0 | L8: 46314 | M8: 46314 | N8: exception | O8: Not flagged in run 2026-10-26; owner to confirm and close
A9: ACT-0008 | B9: South Africa | C9: P1 | D9: STOCKOUT_RISK | E9: ZA-STO-012 | F9: Supply Planner, South Africa | G9: Projected stockout in week 5 of 8 (lead time 65 d, cover 32.0 d) | H9: 46316 | I9: Resolved-Verify | J9: 0 | K9: 0 | L9: 46314 | M9: 46314 | N9: exception | O9: Not flagged in run 2026-10-26; owner to confirm and close
A10: ACT-0009 | B10: APAC | C10: P2 | D10: STOCKOUT_RISK | E10: AP-ACC-030 | F10: Supply Planner, APAC | G10: Projected stockout in week 6 of 8 (lead time 32 d, cover 35.0 d) | H10: 46319 | I10: Open | J10: 2 | K10: 1 | L10: 46314 | M10: 46321 | N10: exception
A11: ACT-0010 | B11: APAC | C11: P1 | D11: STOCKOUT_RISK | E11: AP-ACC-022 | F11: Supply Planner, APAC | G11: Projected stockout in week 2 of 8 (lead time 17 d, cover 9.0 d) | H11: 46316 | I11: Open | J11: 5 | K11: 2 | L11: 46314 | M11: 46321 | N11: exception
A12: ACT-0011 | B12: South Africa | C12: P2 | D12: STOCKOUT_RISK | E12: ZA-DEV-013 | F12: Supply Planner, South Africa | G12: Projected stockout in week 2 of 8 (lead time 31 d, cover 9.0 d) | H12: 46319 | I12: Open | J12: 2 | K12: 1 | L12: 46314 | M12: 46321 | N12: exception
A13: ACT-0012 | B13: APAC | C13: P2 | D13: STOCKOUT_RISK | E13: AP-ACC-038 | F13: Supply Planner, APAC | G13: Projected stockout in week 7 of 8 (lead time 21 d, cover 9.0 d) | H13: 46319 | I13: Resolved-Verify | J13: 0 | K13: 0 | L13: 46314 | M13: 46314 | N13: exception | O13: Not flagged in run 2026-10-26; owner to confirm and close
A14: ACT-0013 | B14: APAC | C14: P2 | D14: STOCKOUT_RISK | E14: AP-DEV-041 | F14: Supply Planner, APAC | G14: Projected stockout in week 4 of 8 (lead time 35 d, cover 25.0 d) | H14: 46319 | I14: Open | J14: 2 | K14: 1 | L14: 46314 | M14: 46321 | N14: exception
A15: ACT-0014 | B15: MENA-PAK | C15: P1 | D15: STOCKOUT_RISK | E15: MP-ACC-030 | F15: Supply Planner, MENA-PAK | G15: Projected stockout in week 4 of 8 (lead time 55 d, cover 7.0 d) | H15: 46316 | I15: Resolved-Verify | J15: 0 | K15: 0 | L15: 46314 | M15: 46314 | N15: exception | O15: Not flagged in run 2026-10-26; owner to confirm and close
A16: ACT-0015 | B16: India | C16: P1 | D16: STOCKOUT_RISK | E16: IN-NET-019 | F16: Supply Planner, India | G16: Projected stockout in week 3 of 8 (lead time 18 d, cover 16.0 d) | H16: 46316 | I16: Resolved-Verify | J16: 0 | K16: 0 | L16: 46314 | M16: 46314 | N16: exception | O16: Not flagged in run 2026-10-26; owner to confirm and close
A17: ACT-0016 | B17: MENA-PAK | C17: P2 | D17: STOCKOUT_RISK | E17: MP-STO-008 | F17: Supply Planner, MENA-PAK | G17: Projected stockout in week 8 of 8 (lead time 39 d, cover 31.0 d) | H17: 46319 | I17: Resolved-Verify | J17: 0 | K17: 0 | L17: 46314 | M17: 46314 | N17: exception | O17: Not flagged in run 2026-10-26; owner to confirm and close
A18: ACT-0017 | B18: MENA-PAK | C18: P1 | D18: STOCKOUT_RISK | E18: MP-NET-019 | F18: Supply Planner, MENA-PAK | G18: Projected stockout in week 1 of 8 (lead time 42 d, cover 5.0 d) | H18: 46316 | I18: Resolved-Verify | J18: 0 | K18: 0 | L18: 46314 | M18: 46314 | N18: exception | O18: Not flagged in run 2026-10-26; owner to confirm and close
A19: ACT-0018 | B19: APAC | C19: P2 | D19: STOCKOUT_RISK | E19: AP-STO-024 | F19: Supply Planner, APAC | G19: Projected stockout in week 6 of 8 (lead time 28 d, cover 32.0 d) | H19: 46319 | I19: Resolved-Verify | J19: 0 | K19: 0 | L19: 46314 | M19: 46314 | N19: exception | O19: Not flagged in run 2026-10-26; owner to confirm and close
A20: ACT-0019 | B20: India | C20: P2 | D20: STOCKOUT_RISK | E20: IN-STO-040 | F20: Supply Planner, India | G20: Projected stockout in week 7 of 8 (lead time 28 d, cover 43.0 d) | H20: 46319 | I20: Resolved-Verify | J20: 0 | K20: 0 | L20: 46314 | M20: 46314 | N20: exception | O20: Not flagged in run 2026-10-26; owner to confirm and close
A21: ACT-0020 | B21: South Africa | C21: P1 | D21: STOCKOUT_RISK | E21: ZA-DEV-005 | F21: Supply Planner, South Africa | G21: Projected stockout in week 8 of 8 (lead time 32 d, cover 32.0 d) | H21: 46316 | I21: Open | J21: 5 | K21: 2 | L21: 46314 | M21: 46321 | N21: exception
A22: ACT-0021 | B22: South Africa | C22: P2 | D22: STOCKOUT_RISK | E22: ZA-NET-011 | F22: Supply Planner, South Africa | G22: Projected stockout in week 8 of 8 (lead time 35 d, cover 17.0 d) | H22: 46319 | I22: Resolved-Verify | J22: 0 | K22: 0 | L22: 46314 | M22: 46314 | N22: exception | O22: Not flagged in run 2026-10-26; owner to confirm and close
A23: ACT-0022 | B23: South Africa | C23: P1 | D23: STOCKOUT_RISK | E23: ZA-STO-020 | F23: Supply Planner, South Africa | G23: Projected stockout in week 5 of 8 (lead time 33 d, cover 18.0 d) | H23: 46316 | I23: Resolved-Verify | J23: 0 | K23: 0 | L23: 46314 | M23: 46314 | N23: exception | O23: Not flagged in run 2026-10-26; owner to confirm and close
A24: ACT-0023 | B24: APAC | C24: P1 | D24: STOCKOUT_RISK | E24: AP-NET-019 | F24: Supply Planner, APAC | G24: Projected stockout in week 2 of 8 (lead time 33 d, cover 9.0 d) | H24: 46316 | I24: Open | J24: 5 | K24: 2 | L24: 46314 | M24: 46321 | N24: exception
A25: ACT-0024 | B25: MENA-PAK | C25: P1 | D25: STOCKOUT_RISK | E25: MP-DEV-001 | F25: Supply Planner, MENA-PAK | G25: Projected stockout in week 3 of 8 (lead time 47 d, cover 7.0 d) | H25: 46316 | I25: Resolved-Verify | J25: 0 | K25: 0 | L25: 46314 | M25: 46314 | N25: exception | O25: Not flagged in run 2026-10-26; owner to confirm and close
A26: ACT-0025 | B26: MENA-PAK | C26: P1 | D26: STOCKOUT_RISK | E26: MP-ACC-010 | F26: Supply Planner, MENA-PAK | G26: Projected stockout in week 1 of 8 (lead time 29 d, cover 4.0 d) | H26: 46316 | I26: Resolved-Verify | J26: 0 | K26: 0 | L26: 46314 | M26: 46314 | N26: exception | O26: Not flagged in run 2026-10-26; owner to confirm and close
A27: ACT-0026 | B27: South Africa | C27: P1 | D27: STOCKOUT_RISK | E27: ZA-NET-007 | F27: Supply Planner, South Africa | G27: Projected stockout in week 4 of 8 (lead time 57 d, cover 26.0 d) | H27: 46316 | I27: Resolved-Verify | J27: 0 | K27: 0 | L27: 46314 | M27: 46314 | N27: exception | O27: Not flagged in run 2026-10-26; owner to confirm and close
A28: ACT-0027 | B28: South Africa | C28: P2 | D28: STOCKOUT_RISK | E28: ZA-NET-023 | F28: Supply Planner, South Africa | G28: Projected stockout in week 8 of 8 (lead time 49 d, cover 11.0 d) | H28: 46319 | I28: Resolved-Verify | J28: 0 | K28: 0 | L28: 46314 | M28: 46314 | N28: exception | O28: Not flagged in run 2026-10-26; owner to confirm and close
A29: ACT-0028 | B29: APAC | C29: P1 | D29: STOCKOUT_RISK | E29: AP-DEV-045 | F29: Supply Planner, APAC | G29: Projected stockout in week 5 of 8 (lead time 33 d, cover 8.0 d) | H29: 46316 | I29: Resolved-Verify | J29: 0 | K29: 0 | L29: 46314 | M29: 46314 | N29: exception | O29: Not flagged in run 2026-10-26; owner to confirm and close
A30: ACT-0029 | B30: India | C30: P2 | D30: STOCKOUT_RISK | E30: IN-DEV-037 | F30: Supply Planner, India | G30: Projected stockout in week 5 of 8 (lead time 15 d, cover 19.0 d) | H30: 46319 | I30: Resolved-Verify | J30: 0 | K30: 0 | L30: 46314 | M30: 46314 | N30: exception | O30: Not flagged in run 2026-10-26; owner to confirm and close
A31: ACT-0030 | B31: MENA-PAK | C31: P2 | D31: BELOW_SAFETY | E31: MP-ACC-022 | F31: Supply Planner, MENA-PAK | G31: On hand 64 is below safety stock 77 | H31: 46319 | I31: Resolved-Verify | J31: 0 | K31: 0 | L31: 46314 | M31: 46314 | N31: exception | O31: Not flagged in run 2026-10-26; owner to confirm and close
A32: ACT-0031 | B32: South Africa | C32: P3 | D32: EXCESS_STOCK | E32: ZA-STO-024 | F32: Inventory Planner, South Africa | G32: Cover 199.0 d exceeds 120 d; excess value 96384.0 | H32: 46324 | I32: Open | J32: 0 | K32: 0 | L32: 46314 | M32: 46321 | N32: exception
A33: ACT-0032 | B33: India | C33: P3 | D33: EXCESS_STOCK | E33: IN-DEV-025 | F33: Inventory Planner, India | G33: Cover 159.0 d exceeds 120 d; excess value 230040.0 | H33: 46324 | I33: Resolved-Verify | J33: 0 | K33: 0 | L33: 46314 | M33: 46314 | N33: exception | O33: Not flagged in run 2026-10-26; owner to confirm and close
A34: ACT-0033 | B34: India | C34: P3 | D34: EXCESS_STOCK | E34: IN-ACC-026 | F34: Inventory Planner, India | G34: Cover 225.0 d exceeds 120 d; excess value 501427.0 | H34: 46324 | I34: Resolved-Verify | J34: 0 | K34: 0 | L34: 46314 | M34: 46314 | N34: exception | O34: Not flagged in run 2026-10-26; owner to confirm and close
A35: ACT-0034 | B35: MENA-PAK | C35: P3 | D35: EXCESS_STOCK | E35: MP-ACC-006 | F35: Inventory Planner, MENA-PAK | G35: Cover 221.0 d exceeds 120 d; excess value 132364.0 | H35: 46324 | I35: Resolved-Verify | J35: 0 | K35: 0 | L35: 46314 | M35: 46314 | N35: exception | O35: Not flagged in run 2026-10-26; owner to confirm and close
A36: ACT-0035 | B36: APAC | C36: P3 | D36: EXCESS_STOCK | E36: AP-NET-011 | F36: Inventory Planner, APAC | G36: Cover 263.0 d exceeds 120 d; excess value 930167.0 | H36: 46324 | I36: Resolved-Verify | J36: 0 | K36: 0 | L36: 46314 | M36: 46314 | N36: exception | O36: Not flagged in run 2026-10-26; owner to confirm and close
A37: ACT-0036 | B37: APAC | C37: P3 | D37: EXCESS_STOCK | E37: AP-NET-003 | F37: Inventory Planner, APAC | G37: Cover 216.0 d exceeds 120 d; excess value 1197864.0 | H37: 46324 | I37: Resolved-Verify | J37: 0 | K37: 0 | L37: 46314 | M37: 46314 | N37: exception | O37: Not flagged in run 2026-10-26; owner to confirm and close
A38: ACT-0037 | B38: APAC | C38: P3 | D38: EXCESS_STOCK | E38: AP-DEV-021 | F38: Inventory Planner, APAC | G38: Cover 243.0 d exceeds 120 d; excess value 978066.0 | H38: 46324 | I38: Resolved-Verify | J38: 0 | K38: 0 | L38: 46314 | M38: 46314 | N38: exception | O38: Not flagged in run 2026-10-26; owner to confirm and close
A39: ACT-0038 | B39: APAC | C39: P3 | D39: EXCESS_STOCK | E39: AP-NET-027 | F39: Inventory Planner, APAC | G39: Cover 130.0 d exceeds 120 d; excess value 11866.0 | H39: 46324 | I39: Resolved-Verify | J39: 0 | K39: 0 | L39: 46314 | M39: 46314 | N39: exception | O39: Not flagged in run 2026-10-26; owner to confirm and close
A40: ACT-0039 | B40: APAC | C40: P3 | D40: EXCESS_STOCK | E40: AP-NET-035 | F40: Inventory Planner, APAC | G40: Cover 230.0 d exceeds 120 d; excess value 730735.0 | H40: 46324 | I40: Resolved-Verify | J40: 0 | K40: 0 | L40: 46314 | M40: 46314 | N40: exception | O40: Not flagged in run 2026-10-26; owner to confirm and close
A41: ACT-0040 | B41: MENA-PAK | C41: P3 | D41: EXCESS_STOCK | E41: MP-DEV-025 | F41: Inventory Planner, MENA-PAK | G41: Cover 171.0 d exceeds 120 d; excess value 211053.0 | H41: 46324 | I41: Resolved-Verify | J41: 0 | K41: 0 | L41: 46314 | M41: 46314 | N41: exception | O41: Not flagged in run 2026-10-26; owner to confirm and close
A42: ACT-0041 | B42: APAC | C42: P3 | D42: EXCESS_STOCK | E42: AP-STO-040 | F42: Inventory Planner, APAC | G42: Cover 149.0 d exceeds 120 d; excess value 162936.0 | H42: 46324 | I42: Resolved-Verify | J42: 0 | K42: 0 | L42: 46314 | M42: 46314 | N42: exception | O42: Not flagged in run 2026-10-26; owner to confirm and close
A43: ACT-0042 | B43: India | C43: P3 | D43: EXCESS_STOCK | E43: IN-DEV-033 | F43: Inventory Planner, India | G43: Cover 139.0 d exceeds 120 d; excess value 32221.0 | H43: 46324 | I43: Resolved-Verify | J43: 0 | K43: 0 | L43: 46314 | M43: 46314 | N43: exception | O43: Not flagged in run 2026-10-26; owner to confirm and close
A44: ACT-0043 | B44: APAC | C44: P3 | D44: EXCESS_STOCK | E44: AP-NET-007 | F44: Inventory Planner, APAC | G44: Cover 145.0 d exceeds 120 d; excess value 49314.0 | H44: 46324 | I44: Resolved-Verify | J44: 0 | K44: 0 | L44: 46314 | M44: 46314 | N44: exception | O44: Not flagged in run 2026-10-26; owner to confirm and close
A45: ACT-0044 | B45: India | C45: P3 | D45: EXCESS_STOCK | E45: IN-ACC-030 | F45: Inventory Planner, India | G45: Cover 189.0 d exceeds 120 d; excess value 128818.0 | H45: 46324 | I45: Open | J45: 0 | K45: 0 | L45: 46314 | M45: 46321 | N45: exception
A46: ACT-0045 | B46: India | C46: P2 | D46: FORECAST_BIAS | E46: IN-NET-035 | F46: Demand Planner, India | G46: Bias 52.0% over last 8 weeks (WAPE 52.0%) | H46: 46319 | I46: Resolved-Verify | J46: 0 | K46: 0 | L46: 46314 | M46: 46314 | N46: exception | O46: Not flagged in run 2026-10-26; owner to confirm and close
A47: ACT-0046 | B47: MENA-PAK | C47: P2 | D47: FORECAST_BIAS | E47: MP-ACC-018 | F47: Demand Planner, MENA-PAK | G47: Bias -35.0% over last 8 weeks (WAPE 35.0%) | H47: 46319 | I47: Resolved-Verify | J47: 0 | K47: 0 | L47: 46314 | M47: 46314 | N47: exception | O47: Not flagged in run 2026-10-26; owner to confirm and close
A48: ACT-0047 | B48: MENA-PAK | C48: P2 | D48: FORECAST_BIAS | E48: MP-NET-035 | F48: Demand Planner, MENA-PAK | G48: Bias -42.0% over last 8 weeks (WAPE 43.0%) | H48: 46319 | I48: Resolved-Verify | J48: 0 | K48: 0 | L48: 46314 | M48: 46314 | N48: exception | O48: Not flagged in run 2026-10-26; owner to confirm and close
A49: ACT-0048 | B49: MENA-PAK | C49: P2 | D49: FORECAST_BIAS | E49: MP-STO-008 | F49: Demand Planner, MENA-PAK | G49: Bias 27.0% over last 8 weeks (WAPE 34.0%) | H49: 46319 | I49: Resolved-Verify | J49: 0 | K49: 0 | L49: 46314 | M49: 46314 | N49: exception | O49: Not flagged in run 2026-10-26; owner to confirm and close
A50: ACT-0049 | B50: South Africa | C50: P2 | D50: FORECAST_BIAS | E50: ZA-ACC-006 | F50: Demand Planner, South Africa | G50: Bias 37.0% over last 8 weeks (WAPE 41.0%) | H50: 46319 | I50: Resolved-Verify | J50: 0 | K50: 0 | L50: 46314 | M50: 46314 | N50: exception | O50: Not flagged in run 2026-10-26; owner to confirm and close
A51: ACT-0050 | B51: South Africa | C51: P2 | D51: FORECAST_BIAS | E51: ZA-ACC-018 | F51: Demand Planner, South Africa | G51: Bias 28.0% over last 8 weeks (WAPE 28.0%) | H51: 46319 | I51: Resolved-Verify | J51: 0 | K51: 0 | L51: 46314 | M51: 46314 | N51: exception | O51: Not flagged in run 2026-10-26; owner to confirm and close
A52: ACT-0051 | B52: South Africa | C52: P2 | D52: FORECAST_BIAS | E52: ZA-DEV-029 | F52: Demand Planner, South Africa | G52: Bias -27.0% over last 8 weeks (WAPE 28.0%) | H52: 46319 | I52: Resolved-Verify | J52: 0 | K52: 0 | L52: 46314 | M52: 46314 | N52: exception | O52: Not flagged in run 2026-10-26; owner to confirm and close
A53: ACT-0052 | B53: MENA-PAK | C53: P2 | D53: FORECAST_BIAS | E53: MP-NET-031 | F53: Demand Planner, MENA-PAK | G53: Bias 21.0% over last 8 weeks (WAPE 26.0%) | H53: 46319 | I53: Resolved-Verify | J53: 0 | K53: 0 | L53: 46314 | M53: 46314 | N53: exception | O53: Not flagged in run 2026-10-26; owner to confirm and close
A54: ACT-0053 | B54: South Africa | C54: P2 | D54: FORECAST_BIAS | E54: ZA-DEV-025 | F54: Demand Planner, South Africa | G54: Bias 31.0% over last 8 weeks (WAPE 35.0%) | H54: 46319 | I54: Resolved-Verify | J54: 0 | K54: 0 | L54: 46314 | M54: 46314 | N54: exception | O54: Not flagged in run 2026-10-26; owner to confirm and close
A55: ACT-0054 | B55: India | C55: P2 | D55: FORECAST_BIAS | E55: IN-DEV-005 | F55: Demand Planner, India | G55: Bias 29.0% over last 8 weeks (WAPE 29.0%) | H55: 46319 | I55: Open | J55: 2 | K55: 1 | L55: 46314 | M55: 46321 | N55: exception
A56: ACT-0055 | B56: South Africa | C56: P2 | D56: FORECAST_BIAS | E56: ZA-NET-027 | F56: Demand Planner, South Africa | G56: Bias 22.0% over last 8 weeks (WAPE 31.0%) | H56: 46319 | I56: Resolved-Verify | J56: 0 | K56: 0 | L56: 46314 | M56: 46314 | N56: exception | O56: Not flagged in run 2026-10-26; owner to confirm and close
A57: ACT-0056 | B57: APAC | C57: P2 | D57: FORECAST_BIAS | E57: AP-ACC-022 | F57: Demand Planner, APAC | G57: Bias 39.0% over last 8 weeks (WAPE 39.0%) | H57: 46319 | I57: Open | J57: 2 | K57: 1 | L57: 46314 | M57: 46321 | N57: exception
A58: ACT-0057 | B58: APAC | C58: P2 | D58: FORECAST_BIAS | E58: AP-NET-023 | F58: Demand Planner, APAC | G58: Bias -32.0% over last 8 weeks (WAPE 32.0%) | H58: 46319 | I58: Open | J58: 2 | K58: 1 | L58: 46314 | M58: 46321 | N58: exception
A59: ACT-0058 | B59: APAC | C59: P2 | D59: FORECAST_BIAS | E59: AP-DEV-005 | F59: Demand Planner, APAC | G59: Bias -26.0% over last 8 weeks (WAPE 29.0%) | H59: 46319 | I59: Open | J59: 2 | K59: 1 | L59: 46314 | M59: 46321 | N59: exception
A60: ACT-0059 | B60: India | C60: P2 | D60: FORECAST_BIAS | E60: IN-NET-039 | F60: Demand Planner, India | G60: Bias 23.0% over last 8 weeks (WAPE 29.0%) | H60: 46319 | I60: Resolved-Verify | J60: 0 | K60: 0 | L60: 46314 | M60: 46314 | N60: exception | O60: Not flagged in run 2026-10-26; owner to confirm and close
A61: ACT-0060 | B61: India | C61: P2 | D61: LATE_PO | E61: PO000022 | F61: Procurement Lead, India | G61: PO PO000022 is 1 days past promised date, open qty 181 | H61: 46319 | I61: Resolved-Verify | J61: 0 | K61: 0 | L61: 46314 | M61: 46314 | N61: exception | O61: Not flagged in run 2026-10-26; owner to confirm and close
A62: ACT-0061 | B62: MENA-PAK | C62: P2 | D62: LATE_PO | E62: PO000041 | F62: Procurement Lead, MENA-PAK | G62: PO PO000041 is 9 days past promised date, open qty 847 | H62: 46319 | I62: Resolved-Verify | J62: 0 | K62: 0 | L62: 46314 | M62: 46314 | N62: exception | O62: Not flagged in run 2026-10-26; owner to confirm and close
A63: ACT-0062 | B63: India | C63: P2 | D63: LATE_PO | E63: PO000045 | F63: Procurement Lead, India | G63: PO PO000045 is 3 days past promised date, open qty 109 | H63: 46319 | I63: Resolved-Verify | J63: 0 | K63: 0 | L63: 46314 | M63: 46314 | N63: exception | O63: Not flagged in run 2026-10-26; owner to confirm and close
A64: ACT-0063 | B64: South Africa | C64: P2 | D64: LATE_PO | E64: PO000123 | F64: Procurement Lead, South Africa | G64: PO PO000123 is 3 days past promised date, open qty 127 | H64: 46319 | I64: Resolved-Verify | J64: 0 | K64: 0 | L64: 46314 | M64: 46314 | N64: exception | O64: Not flagged in run 2026-10-26; owner to confirm and close
A65: ACT-0064 | B65: India | C65: P2 | D65: LATE_PO | E65: PO000194 | F65: Procurement Lead, India | G65: PO PO000194 is 11 days past promised date, open qty 861 | H65: 46319 | I65: Resolved-Verify | J65: 0 | K65: 0 | L65: 46314 | M65: 46314 | N65: exception | O65: Not flagged in run 2026-10-26; owner to confirm and close
A66: ACT-0065 | B66: South Africa | C66: P2 | D66: LATE_PO | E66: PO000072 | F66: Procurement Lead, South Africa | G66: PO PO000072 is 4 days past promised date, open qty 264 | H66: 46319 | I66: Resolved-Verify | J66: 0 | K66: 0 | L66: 46314 | M66: 46314 | N66: exception | O66: Not flagged in run 2026-10-26; owner to confirm and close
A67: ACT-0066 | B67: APAC | C67: P2 | D67: LATE_PO | E67: PO000210 | F67: Procurement Lead, APAC | G67: PO PO000210 is 8 days past promised date, open qty 168 | H67: 46319 | I67: Resolved-Verify | J67: 0 | K67: 0 | L67: 46314 | M67: 46314 | N67: exception | O67: Not flagged in run 2026-10-26; owner to confirm and close
A68: ACT-0067 | B68: MENA-PAK | C68: P1 | D68: LATE_PO | E68: PO000148 | F68: Procurement Lead, MENA-PAK | G68: PO PO000148 is 12 days past promised date, open qty 605 | H68: 46316 | I68: Resolved-Verify | J68: 0 | K68: 0 | L68: 46314 | M68: 46314 | N68: exception | O68: Not flagged in run 2026-10-26; owner to confirm and close
A69: ACT-0068 | B69: APAC | C69: P2 | D69: LATE_PO | E69: PO000031 | F69: Procurement Lead, APAC | G69: PO PO000031 is 3 days past promised date, open qty 102 | H69: 46319 | I69: Resolved-Verify | J69: 0 | K69: 0 | L69: 46314 | M69: 46314 | N69: exception | O69: Not flagged in run 2026-10-26; owner to confirm and close
A70: ACT-0069 | B70: MENA-PAK | C70: P2 | D70: LATE_PO | E70: PO000036 | F70: Procurement Lead, MENA-PAK | G70: PO PO000036 is 1 days past promised date, open qty 538 | H70: 46319 | I70: Resolved-Verify | J70: 0 | K70: 0 | L70: 46314 | M70: 46314 | N70: exception | O70: Not flagged in run 2026-10-26; owner to confirm and close
A71: ACT-0070 | B71: South Africa | C71: P2 | D71: LATE_PO | E71: PO000034 | F71: Procurement Lead, South Africa | G71: PO PO000034 is 4 days past promised date, open qty 1369 | H71: 46319 | I71: Resolved-Verify | J71: 0 | K71: 0 | L71: 46314 | M71: 46314 | N71: exception | O71: Not flagged in run 2026-10-26; owner to confirm and close
... A87: ACT-0086 | B87: APAC | C87: P1 | D87: DATA_QUALITY | E87: INV_NEG_ONHAND | F87: Data Steward, APAC | G87: Negative on-hand quantity in inventory extract: 2 row(s) | H87: 46316 | I87: Closed | J87: 0 | K87: 0 | L87: 46314 | M87: 46314 | N87: exception | O87: Extract fixed upstream (simulated update)
A88: ACT-0087 | B88: India | C88: P1 | D88: DATA_QUALITY | E88: INV_NEG_ONHAND | F88: Data Steward, India | G88: Negative on-hand quantity in inventory extract: 2 row(s) | H88: 46316 | I88: Open | J88: 5 | K88: 2 | L88: 46314 | M88: 46321 | N88: exception
A89: ACT-0088 | B89: MENA-PAK | C89: P1 | D89: DATA_QUALITY | E89: INV_NEG_ONHAND | F89: Data Steward, MENA-PAK | G89: Negative on-hand quantity in inventory extract: 2 row(s) | H89: 46316 | I89: Open | J89: 5 | K89: 2 | L89: 46314 | M89: 46321 | N89: exception
A90: ACT-0089 | B90: South Africa | C90: P1 | D90: DATA_QUALITY | E90: INV_NEG_ONHAND | F90: Data Steward, South Africa | G90: Negative on-hand quantity in inventory extract: 2 row(s) | H90: 46316 | I90: Open | J90: 5 | K90: 2 | L90: 46314 | M90: 46321 | N90: exception
A91: ACT-0090 | B91: APAC | C91: P2 | D91: DATA_QUALITY | E91: INV_NULL_SS | F91: Data Steward, APAC | G91: Missing safety stock value: 2 row(s) | H91: 46319 | I91: Open | J91: 2 | K91: 1 | L91: 46314 | M91: 46321 | N91: exception
A92: ACT-0091 | B92: India | C92: P2 | D92: DATA_QUALITY | E92: INV_NULL_SS | F92: Data Steward, India | G92: Missing safety stock value: 2 row(s) | H92: 46319 | I92: Open | J92: 2 | K92: 1 | L92: 46314 | M92: 46321 | N92: exception
A93: ACT-0092 | B93: MENA-PAK | C93: P2 | D93: DATA_QUALITY | E93: INV_NULL_SS | F93: Data Steward, MENA-PAK | G93: Missing safety stock value: 2 row(s) | H93: 46319 | I93: Open | J93: 2 | K93: 1 | L93: 46314 | M93: 46321 | N93: exception
A94: ACT-0093 | B94: South Africa | C94: P2 | D94: DATA_QUALITY | E94: INV_NULL_SS | F94: Data Steward, South Africa | G94: Missing safety stock value: 2 row(s) | H94: 46319 | I94: Open | J94: 2 | K94: 1 | L94: 46314 | M94: 46321 | N94: exception
A95: ACT-0094 | B95: APAC | C95: P1 | D95: DATA_QUALITY | E95: INV_STALE | F95: Data Steward, APAC | G95: Inventory snapshot older than 3 days at run date: 47 row(s) | H95: 46316 | I95: Open | J95: 5 | K95: 2 | L95: 46314 | M95: 46321 | N95: exception
A96: ACT-0095 | B96: APAC | C96: P2 | D96: DATA_QUALITY | E96: FC_NULL | F96: Data Steward, APAC | G96: Forecast row with missing quantity: 3 row(s) | H96: 46319 | I96: Open | J96: 2 | K96: 1 | L96: 46314 | M96: 46321 | N96: exception
A97: ACT-0096 | B97: India | C97: P2 | D97: DATA_QUALITY | E97: FC_NULL | F97: Data Steward, India | G97: Forecast row with missing quantity: 3 row(s) | H97: 46319 | I97: Open | J97: 2 | K97: 1 | L97: 46314 | M97: 46321 | N97: exception
A98: ACT-0097 | B98: MENA-PAK | C98: P2 | D98: DATA_QUALITY | E98: FC_NULL | F98: Data Steward, MENA-PAK | G98: Forecast row with missing quantity: 3 row(s) | H98: 46319 | I98: Open | J98: 2 | K98: 1 | L98: 46314 | M98: 46321 | N98: exception
A99: ACT-0098 | B99: South Africa | C99: P2 | D99: DATA_QUALITY | E99: FC_NULL | F99: Data Steward, South Africa | G99: Forecast row with missing quantity: 3 row(s) | H99: 46319 | I99: Open | J99: 2 | K99: 1 | L99: 46314 | M99: 46321 | N99: exception
... A112: ACT-0111 | B112: South Africa | C112: P1 | D112: DATA_QUALITY | E112: PO_ORPHAN | F112: Data Steward, South Africa | G112: PO references a SKU that is not in the inventory master: 2 row(s) | H112: 46316 | I112: Open | J112: 5 | K112: 2 | L112: 46314 | M112: 46321 | N112: exception
A113: ACT-0112 | B113: India | C113: P3 | D113: FORECAST_DIVERGENCE | E113: IN-NET-035 | F113: Demand Planner, India | G113: System 4-week forecast 1143 vs ML baseline 742 (+54%) | H113: 46324 | I113: Resolved-Verify | J113: 0 | K113: 0 | L113: 46314 | M113: 46314 | N113: exception | O113: Not flagged in run 2026-10-26; owner to confirm and close
A114: ACT-0113 | B114: India | C114: P3 | D114: FORECAST_DIVERGENCE | E114: IN-DEV-005 | F114: Demand Planner, India | G114: System 4-week forecast 369 vs ML baseline 265 (+39%) | H114: 46324 | I114: Resolved-Verify | J114: 0 | K114: 0 | L114: 46314 | M114: 46314 | N114: exception | O114: Not flagged in run 2026-10-26; owner to confirm and close
A115: ACT-0114 | B115: APAC | C115: P2 | D115: MEETING | E115: 2026-10-26 | F115: Procurement Lead, APAC | G115: Get re-promised dates for all APAC POs more than 14 days late | H115: 46325 | I115: Open | J115: 0 | K115: 0 | L115: 46321 | M115: 46321 | N115: meeting
A116: ACT-0115 | B116: India | C116: P2 | D116: MEETING | E116: 2026-10-26 | F116: Demand Planner, India | G116: Review the five largest India forecast biases with category owners | H116: 46330 | I116: Open | J116: 0 | K116: 0 | L116: 46321 | M116: 46321 | N116: meeting
A117: ACT-0116 | B117: India | C117: P1 | D117: STOCKOUT_RISK | E117: IN-STO-016 | F117: Supply Planner, India | G117: Projected stockout in week 2 of 8 (lead time 14 d, cover 11.0 d) | H117: 46323 | I117: Open | J117: 0 | K117: 0 | L117: 46321 | M117: 46321 | N117: exception
A118: ACT-0117 | B118: India | C118: P1 | D118: STOCKOUT_RISK | E118: IN-NET-031 | F118: Supply Planner, India | G118: Projected stockout in week 2 of 8 (lead time 29 d, cover 11.0 d) | H118: 46323 | I118: Open | J118: 0 | K118: 0 | L118: 46321 | M118: 46321 | N118: exception
A119: ACT-0118 | B119: South Africa | C119: P2 | D119: STOCKOUT_RISK | E119: ZA-NET-003 | F119: Supply Planner, South Africa | G119: Projected stockout in week 7 of 8 (lead time 36 d, cover 44.0 d) | H119: 46326 | I119: Open | J119: 0 | K119: 0 | L119: 46321 | M119: 46321 | N119: exception
A120: ACT-0119 | B120: APAC | C120: P2 | D120: STOCKOUT_RISK | E120: AP-NET-003 | F120: Supply Planner, APAC | G120: Projected stockout in week 5 of 8 (lead time 21 d, cover 16.0 d) | H120: 46326 | I120: Open | J120: 0 | K120: 0 | L120: 46321 | M120: 46321 | N120: exception
A121: ACT-0120 | B121: India | C121: P1 | D121: STOCKOUT_RISK | E121: IN-STO-036 | F121: Supply Planner, India | G121: Projected stockout in week 2 of 8 (lead time 14 d, cover 12.0 d) | H121: 46323 | I121: Open | J121: 0 | K121: 0 | L121: 46321 | M121: 46321 | N121: exception
A122: ACT-0121 | B122: APAC | C122: P1 | D122: STOCKOUT_RISK | E122: AP-NET-015 | F122: Supply Planner, APAC | G122: Projected stockout in week 4 of 8 (lead time 28 d, cover 11.0 d) | H122: 46323 | I122: Open | J122: 0 | K122: 0 | L122: 46321 | M122: 46321 | N122: exception
A123: ACT-0122 | B123: India | C123: P1 | D123: STOCKOUT_RISK | E123: IN-STO-004 | F123: Supply Planner, India | G123: Projected stockout in week 2 of 8 (lead time 16 d, cover 10.0 d) | H123: 46323 | I123: Open | J123: 0 | K123: 0 | L123: 46321 | M123: 46321 | N123: exception
A124: ACT-0123 | B124: MENA-PAK | C124: P2 | D124: STOCKOUT_RISK | E124: MP-STO-016 | F124: Supply Planner, MENA-PAK | G124: Projected stockout in week 6 of 8 (lead time 27 d, cover 27.0 d) | H124: 46326 | I124: Open | J124: 0 | K124: 0 | L124: 46321 | M124: 46321 | N124: exception
A125: ACT-0124 | B125: APAC | C125: P1 | D125: STOCKOUT_RISK | E125: AP-NET-007 | F125: Supply Planner, APAC | G125: Projected stockout in week 2 of 8 (lead time 28 d, cover 13.0 d) | H125: 46323 | I125: Open | J125: 0 | K125: 0 | L125: 46321 | M125: 46321 | N125: exception
A126: ACT-0125 | B126: APAC | C126: P2 | D126: STOCKOUT_RISK | E126: AP-DEV-037 | F126: Supply Planner, APAC | G126: Projected stockout in week 5 of 8 (lead time 20 d, cover 17.0 d) | H126: 46326 | I126: Open | J126: 0 | K126: 0 | L126: 46321 | M126: 46321 | N126: exception
... A189: ACT-0188 | B189: South Africa | C189: P3 | D189: FORECAST_DIVERGENCE | E189: ZA-NET-003 | F189: Demand Planner, South Africa | G189: System 4-week forecast 511 vs ML baseline 358 (+43%) | H189: 46331 | I189: Open | J189: 0 | K189: 0 | L189: 46321 | M189: 46321 | N189: exception

Sheet Exceptions
A1: market | B1: severity | C1: exc_type | D1: ref | E1: sku | F1: supplier | G1: detail | H1: owner_role
A2: APAC | B2: P1 | C2: DATA_QUALITY | D2: PO_ORPHAN | G2: PO references a SKU that is not in the inventory master: 2 row(s) | H2: Data Steward, APAC
A3: APAC | B3: P1 | C3: DATA_QUALITY | D3: INV_STALE | G3: Inventory snapshot older than 3 days at run date: 47 row(s) | H3: Data Steward, APAC
A4: APAC | B4: P1 | C4: DATA_QUALITY | D4: INV_NEG_ONHAND | G4: Negative on-hand quantity in inventory extract: 2 row(s) | H4: Data Steward, APAC
A5: APAC | B5: P1 | C5: LATE_PO | D5: PO000088 | E5: AP-NET-015 | F5: SUP-AP-03 | G5: PO PO000088 is 7 days past promised date, open qty 696 | H5: Procurement Lead, APAC
A6: APAC | B6: P1 | C6: STOCKOUT_RISK | D6: AP-ACC-022 | E6: AP-ACC-022 | G6: Projected stockout in week 2 of 8 (lead time 17 d, cover 9.0 d) | H6: Supply Planner, APAC
A7: APAC | B7: P1 | C7: STOCKOUT_RISK | D7: AP-NET-015 | E7: AP-NET-015 | G7: Projected stockout in week 4 of 8 (lead time 28 d, cover 11.0 d) | H7: Supply Planner, APAC
A8: APAC | B8: P1 | C8: STOCKOUT_RISK | D8: AP-NET-019 | E8: AP-NET-019 | G8: Projected stockout in week 2 of 8 (lead time 33 d, cover 9.0 d) | H8: Supply Planner, APAC
A9: APAC | B9: P1 | C9: STOCKOUT_RISK | D9: AP-DEV-041 | E9: AP-DEV-041 | G9: Projected stockout in week 4 of 8 (lead time 35 d, cover 25.0 d) | H9: Supply Planner, APAC
A10: APAC | B10: P1 | C10: STOCKOUT_RISK | D10: AP-NET-007 | E10: AP-NET-007 | G10: Projected stockout in week 2 of 8 (lead time 28 d, cover 13.0 d) | H10: Supply Planner, APAC
A11: APAC | B11: P1 | C11: STOCKOUT_RISK | D11: AP-NET-031 | E11: AP-NET-031 | G11: Projected stockout in week 4 of 8 (lead time 30 d, cover 26.0 d) | H11: Supply Planner, APAC
A12: India | B12: P1 | C12: DATA_QUALITY | D12: PO_ORPHAN | G12: PO references a SKU that is not in the inventory master: 2 row(s) | H12: Data Steward, India
A13: India | B13: P1 | C13: DATA_QUALITY | D13: INV_NEG_ONHAND | G13: Negative on-hand quantity in inventory extract: 2 row(s) | H13: Data Steward, India
A14: India | B14: P1 | C14: LATE_PO | D14: PO000101 | E14: IN-STO-016 | F14: SUP-IN-03 | G14: PO PO000101 is 1 days past promised date, open qty 200 | H14: Procurement Lead, India
A15: India | B15: P1 | C15: LATE_PO | D15: PO000106 | E15: IN-DEV-017 | F15: SUP-IN-04 | G15: PO PO000106 is 9 days past promised date, open qty 150 | H15: Procurement Lead, India
A16: India | B16: P1 | C16: LATE_PO | D16: PO000023 | E16: IN-STO-004 | F16: SUP-IN-03 | G16: PO PO000023 is 3 days past promised date, open qty 189 | H16: Procurement Lead, India
A17: India | B17: P1 | C17: STOCKOUT_RISK | D17: IN-STO-016 | E17: IN-STO-016 | G17: Projected stockout in week 2 of 8 (lead time 14 d, cover 11.0 d) | H17: Supply Planner, India
A18: India | B18: P1 | C18: STOCKOUT_RISK | D18: IN-DEV-017 | E18: IN-DEV-017 | G18: Projected stockout in week 1 of 8 (lead time 12 d, cover 6.0 d) | H18: Supply Planner, India
A19: India | B19: P1 | C19: STOCKOUT_RISK | D19: IN-STO-036 | E19: IN-STO-036 | G19: Projected stockout in week 2 of 8 (lead time 14 d, cover 12.0 d) | H19: Supply Planner, India
A20: India | B20: P1 | C20: STOCKOUT_RISK | D20: IN-STO-004 | E20: IN-STO-004 | G20: Projected stockout in week 2 of 8 (lead time 16 d, cover 10.0 d) | H20: Supply Planner, India
A21: India | B21: P1 | C21: STOCKOUT_RISK | D21: IN-ACC-038 | E21: IN-ACC-038 | G21: Projected stockout in week 4 of 8 (lead time 29 d, cover 26.0 d) | H21: Supply Planner, India
A22: India | B22: P1 | C22: STOCKOUT_RISK | D22: IN-NET-031 | E22: IN-NET-031 | G22: Projected stockout in week 2 of 8 (lead time 29 d, cover 11.0 d) | H22: Supply Planner, India
A23: MENA-PAK | B23: P1 | C23: DATA_QUALITY | D23: INV_NEG_ONHAND | G23: Negative on-hand quantity in inventory extract: 2 row(s) | H23: Data Steward, MENA-PAK
A24: MENA-PAK | B24: P1 | C24: DATA_QUALITY | D24: PO_ORPHAN | G24: PO references a SKU that is not in the inventory master: 2 row(s) | H24: Data Steward, MENA-PAK
A25: MENA-PAK | B25: P1 | C25: STOCKOUT_RISK | D25: MP-STO-028 | E25: MP-STO-028 | G25: Projected stockout in week 7 of 8 (lead time 50 d, cover 30.0 d) | H25: Supply Planner, MENA-PAK
A26: MENA-PAK | B26: P1 | C26: STOCKOUT_RISK | D26: MP-NET-015 | E26: MP-NET-015 | G26: Projected stockout in week 7 of 8 (lead time 53 d, cover 20.0 d) | H26: Supply Planner, MENA-PAK
A27: South Africa | B27: P1 | C27: DATA_QUALITY | D27: INV_NEG_ONHAND | G27: Negative on-hand quantity in inventory extract: 2 row(s) | H27: Data Steward, South Africa
A28: South Africa | B28: P1 | C28: DATA_QUALITY | D28: PO_ORPHAN | G28: PO references a SKU that is not in the inventory master: 2 row(s) | H28: Data Steward, South Africa
A29: South Africa | B29: P1 | C29: STOCKOUT_RISK | D29: ZA-DEV-013 | E29: ZA-DEV-013 | G29: Projected stockout in week 2 of 8 (lead time 31 d, cover 9.0 d) | H29: Supply Planner, South Africa
A30: South Africa | B30: P1 | C30: STOCKOUT_RISK | D30: ZA-STO-016 | E30: ZA-STO-016 | G30: Projected stockout in week 6 of 8 (lead time 36 d, cover 8.0 d) | H30: Supply Planner, South Africa
A31: APAC | B31: P2 | C31: DATA_QUALITY | D31: PO_DATE_ORDER | G31: PO promised date earlier than order date: 2 row(s) | H31: Data Steward, APAC
A32: APAC | B32: P2 | C32: DATA_QUALITY | D32: INV_NULL_SS | G32: Missing safety stock value: 2 row(s) | H32: Data Steward, APAC
A33: APAC | B33: P2 | C33: DATA_QUALITY | D33: INV_DUP | G33: Duplicate (market, sku) rows in inventory extract: 2 row(s) | H33: Data Steward, APAC
A34: APAC | B34: P2 | C34: DATA_QUALITY | D34: FC_NULL | G34: Forecast row with missing quantity: 3 row(s) | H34: Data Steward, APAC
A35: APAC | B35: P2 | C35: FORECAST_BIAS | D35: AP-DEV-005 | E35: AP-DEV-005 | G35: Bias -26.0% over last 8 weeks (WAPE 29.0%) | H35: Demand Planner, APAC
A36: APAC | B36: P2 | C36: FORECAST_BIAS | D36: AP-ACC-022 | E36: AP-ACC-022 | G36: Bias 39.0% over last 8 weeks (WAPE 39.0%) | H36: Demand Planner, APAC
A37: APAC | B37: P2 | C37: FORECAST_BIAS | D37: AP-NET-023 | E37: AP-NET-023 | G37: Bias -32.0% over last 8 weeks (WAPE 32.0%) | H37: Demand Planner, APAC
A38: APAC | B38: P2 | C38: LATE_PO | D38: PO000070 | E38: AP-STO-012 | F38: SUP-AP-06 | G38: PO PO000070 is 5 days past promised date, open qty 732 | H38: Procurement Lead, APAC
A39: APAC | B39: P2 | C39: LATE_PO | D39: PO000160 | E39: AP-DEV-029 | F39: SUP-AP-02 | G39: PO PO000160 is 5 days past promised date, open qty 691 | H39: Procurement Lead, APAC
A40: APAC | B40: P2 | C40: LATE_PO | D40: PO000036 | E40: AP-ACC-006 | F40: SUP-AP-01 | G40: PO PO000036 is 10 days past promised date, open qty 136 | H40: Procurement Lead, APAC
A41: APAC | B41: P2 | C41: LATE_PO | D41: PO000063 | E41: AP-NET-011 | F41: SUP-AP-02 | G41: PO PO000063 is 11 days past promised date, open qty 478 | H41: Procurement Lead, APAC
A42: APAC | B42: P2 | C42: STOCKOUT_RISK | D42: AP-NET-003 | E42: AP-NET-003 | G42: Projected stockout in week 5 of 8 (lead time 21 d, cover 16.0 d) | H42: Supply Planner, APAC
A43: APAC | B43: P2 | C43: STOCKOUT_RISK | D43: AP-DEV-013 | E43: AP-DEV-013 | G43: Projected stockout in week 4 of 8 (lead time 15 d, cover 18.0 d) | H43: Supply Planner, APAC
A44: APAC | B44: P2 | C44: STOCKOUT_RISK | D44: AP-ACC-042 | E44: AP-ACC-042 | G44: Projected stockout in week 6 of 8 (lead time 24 d, cover 22.0 d) | H44: Supply Planner, APAC
A45: APAC | B45: P2 | C45: STOCKOUT_RISK | D45: AP-STO-044 | E45: AP-STO-044 | G45: Projected stockout in week 5 of 8 (lead time 16 d, cover 4.0 d) | H45: Supply Planner, APAC
A46: APAC | B46: P2 | C46: STOCKOUT_RISK | D46: AP-DEV-037 | E46: AP-DEV-037 | G46: Projected stockout in week 5 of 8 (lead time 20 d, cover 17.0 d) | H46: Supply Planner, APAC
A47: APAC | B47: P2 | C47: STOCKOUT_RISK | D47: AP-ACC-030 | E47: AP-ACC-030 | G47: Projected stockout in week 6 of 8 (lead time 32 d, cover 35.0 d) | H47: Supply Planner, APAC
A48: India | B48: P2 | C48: DATA_QUALITY | D48: INV_NULL_SS | G48: Missing safety stock value: 2 row(s) | H48: Data Steward, India
A49: India | B49: P2 | C49: DATA_QUALITY | D49: INV_DUP | G49: Duplicate (market, sku) rows in inventory extract: 2 row(s) | H49: Data Steward, India
A50: India | B50: P2 | C50: DATA_QUALITY | D50: FC_NULL | G50: Forecast row with missing quantity: 3 row(s) | H50: Data Steward, India
A51: India | B51: P2 | C51: DATA_QUALITY | D51: PO_DATE_ORDER | G51: PO promised date earlier than order date: 2 row(s) | H51: Data Steward, India
A52: India | B52: P2 | C52: FORECAST_BIAS | D52: IN-ACC-034 | E52: IN-ACC-034 | G52: Bias 32.0% over last 8 weeks (WAPE 32.0%) | H52: Demand Planner, India
A53: India | B53: P2 | C53: FORECAST_BIAS | D53: IN-DEV-005 | E53: IN-DEV-005 | G53: Bias 29.0% over last 8 weeks (WAPE 29.0%) | H53: Demand Planner, India
A54: India | B54: P2 | C54: FORECAST_BIAS | D54: IN-NET-031 | E54: IN-NET-031 | G54: Bias 44.0% over last 8 weeks (WAPE 44.0%) | H54: Demand Planner, India
A55: India | B55: P2 | C55: LATE_PO | D55: PO000138 | E55: IN-STO-024 | F55: SUP-IN-03 | G55: PO PO000138 is 1 days past promised date, open qty 531 | H55: Procurement Lead, India
A56: India | B56: P2 | C56: LATE_PO | D56: PO000180 | E56: IN-STO-032 | F56: SUP-IN-04 | G56: PO PO000180 is 5 days past promised date, open qty 163 | H56: Procurement Lead, India
A57: India | B57: P2 | C57: LATE_PO | D57: PO000192 | E57: IN-ACC-034 | F57: SUP-IN-03 | G57: PO PO000192 is 7 days past promised date, open qty 293 | H57: Procurement Lead, India
A58: India | B58: P2 | C58: LATE_PO | D58: PO000124 | E58: IN-DEV-021 | F58: SUP-IN-04 | G58: PO PO000124 is 8 days past promised date, open qty 472 | H58: Procurement Lead, India
A59: India | B59: P2 | C59: LATE_PO | D59: PO000223 | E59: IN-STO-040 | F59: SUP-IN-01 | G59: PO PO000223 is 8 days past promised date, open qty 145 | H59: Procurement Lead, India
A60: India | B60: P2 | C60: LATE_PO | D60: PO000069 | E60: IN-NET-011 | F60: SUP-IN-05 | G60: PO PO000069 is 8 days past promised date, open qty 371 | H60: Procurement Lead, India
A61: India | B61: P2 | C61: LATE_PO | D61: PO000167 | E61: IN-ACC-030 | F61: SUP-IN-03 | G61: PO PO000167 is 9 days past promised date, open qty 121 | H61: Procurement Lead, India
A62: India | B62: P2 | C62: LATE_PO | D62: PO000056 | E62: IN-DEV-009 | F62: SUP-IN-03 | G62: PO PO000056 is 7 days past promised date, open qty 1443 | H62: Procurement Lead, India
A63: India | B63: P2 | C63: LATE_PO | D63: PO000125 | E63: IN-DEV-021 | F63: SUP-IN-03 | G63: PO PO000125 is 10 days past promised date, open qty 270 | H63: Procurement Lead, India
A64: India | B64: P2 | C64: LATE_PO | D64: PO000154 | E64: IN-STO-028 | F64: SUP-IN-02 | G64: PO PO000154 is 10 days past promised date, open qty 77 | H64: Procurement Lead, India
A65: India | B65: P2 | C65: STOCKOUT_RISK | D65: IN-DEV-013 | E65: IN-DEV-013 | G65: Projected stockout in week 5 of 8 (lead time 19 d, cover 21.0 d) | H65: Supply Planner, India
A66: MENA-PAK | B66: P2 | C66: DATA_QUALITY | D66: FC_NULL | G66: Forecast row with missing quantity: 3 row(s) | H66: Data Steward, MENA-PAK
A67: MENA-PAK | B67: P2 | C67: DATA_QUALITY | D67: PO_DATE_ORDER | G67: PO promised date earlier than order date: 2 row(s) | H67: Data Steward, MENA-PAK
A68: MENA-PAK | B68: P2 | C68: DATA_QUALITY | D68: FC_HORIZON_GAP | G68: SKU without forecast for every one of the next 8 weeks: 1 row(s) | H68: Data Steward, MENA-PAK
A69: MENA-PAK | B69: P2 | C69: DATA_QUALITY | D69: INV_DUP | G69: Duplicate (market, sku) rows in inventory extract: 2 row(s) | H69: Data Steward, MENA-PAK
A70: MENA-PAK | B70: P2 | C70: DATA_QUALITY | D70: INV_NULL_SS | G70: Missing safety stock value: 2 row(s) | H70: Data Steward, MENA-PAK
A71: MENA-PAK | B71: P2 | C71: FORECAST_BIAS | D71: MP-NET-007 | E71: MP-NET-007 | G71: Bias -23.0% over last 8 weeks (WAPE 30.0%) | H71: Demand Planner, MENA-PAK
A72: MENA-PAK | B72: P2 | C72: FORECAST_BIAS | D72: MP-DEV-021 | E72: MP-DEV-021 | G72: Bias -36.0% over last 8 weeks (WAPE 36.0%) | H72: Demand Planner, MENA-PAK
A73: MENA-PAK | B73: P2 | C73: LATE_PO | D73: PO000105 | E73: MP-NET-019 | F73: SUP-MP-02 | G73: PO PO000105 is 12 days past promised date, open qty 742 | H73: Procurement Lead, MENA-PAK
A74: MENA-PAK | B74: P2 | C74: LATE_PO | D74: PO000035 | E74: MP-ACC-006 | F74: SUP-MP-01 | G74: PO PO000035 is 12 days past promised date, open qty 193 | H74: Procurement Lead, MENA-PAK
A75: MENA-PAK | B75: P2 | C75: LATE_PO | D75: PO000123 | E75: MP-ACC-022 | F75: SUP-MP-01 | G75: PO PO000123 is 3 days past promised date, open qty 658 | H75: Procurement Lead, MENA-PAK
A76: MENA-PAK | B76: P2 | C76: LATE_PO | D76: PO000128 | E76: MP-NET-023 | F76: SUP-MP-02 | G76: PO PO000128 is 6 days past promised date, open qty 690 | H76: Procurement Lead, MENA-PAK
A77: MENA-PAK | B77: P2 | C77: LATE_PO | D77: PO000166 | E77: MP-DEV-029 | F77: SUP-MP-02 | G77: PO PO000166 is 4 days past promised date, open qty 803 | H77: Procurement Lead, MENA-PAK
A78: MENA-PAK | B78: P2 | C78: LATE_PO | D78: PO000145 | E78: MP-ACC-026 | F78: SUP-MP-04 | G78: PO PO000145 is 7 days past promised date, open qty 49 | H78: Procurement Lead, MENA-PAK
A79: MENA-PAK | B79: P2 | C79: LATE_PO | D79: PO000111 | E79: MP-STO-020 | F79: SUP-MP-02 | G79: PO PO000111 is 3 days past promised date, open qty 725 | H79: Procurement Lead, MENA-PAK
A80: MENA-PAK | B80: P2 | C80: LATE_PO | D80: PO000092 | E80: MP-DEV-017 | F80: SUP-MP-02 | G80: PO PO000092 is 7 days past promised date, open qty 1141 | H80: Procurement Lead, MENA-PAK
A81: MENA-PAK | B81: P2 | C81: STOCKOUT_RISK | D81: MP-STO-016 | E81: MP-STO-016 | G81: Projected stockout in week 6 of 8 (lead time 27 d, cover 27.0 d) | H81: Supply Planner, MENA-PAK
A82: South Africa | B82: P2 | C82: DATA_QUALITY | D82: FC_NULL | G82: Forecast row with missing quantity: 3 row(s) | H82: Data Steward, South Africa
A83: South Africa | B83: P2 | C83: DATA_QUALITY | D83: INV_DUP | G83: Duplicate (market, sku) rows in inventory extract: 2 row(s) | H83: Data Steward, South Africa
A84: South Africa | B84: P2 | C84: DATA_QUALITY | D84: INV_NULL_SS | G84: Missing safety stock value: 2 row(s) | H84: Data Steward, South Africa
A85: South Africa | B85: P2 | C85: DATA_QUALITY | D85: PO_DATE_ORDER | G85: PO promised date earlier than order date: 2 row(s) | H85: Data Steward, South Africa
A86: South Africa | B86: P2 | C86: FORECAST_BIAS | D86: ZA-STO-008 | E86: ZA-STO-008 | G86: Bias -27.0% over last 8 weeks (WAPE 27.0%) | H86: Demand Planner, South Africa
A87: South Africa | B87: P2 | C87: FORECAST_BIAS | D87: ZA-DEV-001 | E87: ZA-DEV-001 | G87: Bias -29.0% over last 8 weeks (WAPE 31.0%) | H87: Demand Planner, South Africa
A88: South Africa | B88: P2 | C88: FORECAST_BIAS | D88: ZA-NET-003 | E88: ZA-NET-003 | G88: Bias 48.0% over last 8 weeks (WAPE 49.0%) | H88: Demand Planner, South Africa
A89: South Africa | B89: P2 | C89: FORECAST_BIAS | D89: ZA-DEV-017 | E89: ZA-DEV-017 | G89: Bias 23.0% over last 8 weeks (WAPE 25.0%) | H89: Demand Planner, South Africa
A90: South Africa | B90: P2 | C90: LATE_PO | D90: PO000155 | E90: ZA-DEV-029 | F90: SUP-ZA-02 | G90: PO PO000155 is 9 days past promised date, open qty 340 | H90: Procurement Lead, South Africa
A91: South Africa | B91: P2 | C91: LATE_PO | D91: PO000113 | E91: ZA-ACC-022 | F91: SUP-ZA-02 | G91: PO PO000113 is 4 days past promised date, open qty 489 | H91: Procurement Lead, South Africa
A92: South Africa | B92: P2 | C92: LATE_PO | D92: PO000065 | E92: ZA-STO-012 | F92: SUP-ZA-02 | G92: PO PO000065 is 8 days past promised date, open qty 766 | H92: Procurement Lead, South Africa
A93: South Africa | B93: P2 | C93: LATE_PO | D93: PO000090 | E93: ZA-DEV-017 | F93: SUP-ZA-03 | G93: PO PO000090 is 4 days past promised date, open qty 489 | H93: Procurement Lead, South Africa
A94: South Africa | B94: P2 | C94: LATE_PO | D94: PO000027 | E94: ZA-DEV-005 | F94: SUP-ZA-02 | G94: PO PO000027 is 3 days past promised date, open qty 435 | H94: Procurement Lead, South Africa
A95: South Africa | B95: P2 | C95: STOCKOUT_RISK | D95: ZA-DEV-005 | E95: ZA-DEV-005 | G95: Projected stockout in week 8 of 8 (lead time 32 d, cover 32.0 d) | H95: Supply Planner, South Africa
A96: South Africa | B96: P2 | C96: STOCKOUT_RISK | D96: ZA-NET-003 | E96: ZA-NET-003 | G96: Projected stockout in week 7 of 8 (lead time 36 d, cover 44.0 d) | H96: Supply Planner, South Africa
A97: APAC | B97: P3 | C97: DATA_QUALITY | D97: SALES_NEG | G97: Negative units in sales actuals (returns not netted?): 1 row(s) | H97: Data Steward, APAC
A98: APAC | B98: P3 | C98: EXCESS_STOCK | D98: AP-DEV-001 | E98: AP-DEV-001 | G98: Cover 266.0 d exceeds 120 d; excess value 863954.0 | H98: Inventory Planner, APAC
A99: APAC | B99: P3 | C99: EXCESS_STOCK | D99: AP-DEV-025 | E99: AP-DEV-025 | G99: Cover 295.0 d exceeds 120 d; excess value 345744.0 | H99: Inventory Planner, APAC
A100: APAC | B100: P3 | C100: EXCESS_STOCK | D100: AP-STO-016 | E100: AP-STO-016 | G100: Cover 169.0 d exceeds 120 d; excess value 211565.0 | H100: Inventory Planner, APAC
...

Sheet DQ_Results
A1: market | B1: check_id | C1: severity | D1: description | E1: n_fail | F1: status
A2: APAC | B2: INV_DUP | C2: MEDIUM | D2: Duplicate (market, sku) rows in inventory extract | E2: 2 | F2: FAIL
A3: India | B3: INV_DUP | C3: MEDIUM | D3: Duplicate (market, sku) rows in inventory extract | E3: 2 | F3: FAIL
A4: MENA-PAK | B4: INV_DUP | C4: MEDIUM | D4: Duplicate (market, sku) rows in inventory extract | E4: 2 | F4: FAIL
A5: South Africa | B5: INV_DUP | C5: MEDIUM | D5: Duplicate (market, sku) rows in inventory extract | E5: 2 | F5: FAIL
A6: APAC | B6: INV_NEG_ONHAND | C6: HIGH | D6: Negative on-hand quantity in inventory extract | E6: 2 | F6: FAIL
A7: India | B7: INV_NEG_ONHAND | C7: HIGH | D7: Negative on-hand quantity in inventory extract | E7: 2 | F7: FAIL
A8: MENA-PAK | B8: INV_NEG_ONHAND | C8: HIGH | D8: Negative on-hand quantity in inventory extract | E8: 2 | F8: FAIL
A9: South Africa | B9: INV_NEG_ONHAND | C9: HIGH | D9: Negative on-hand quantity in inventory extract | E9: 2 | F9: FAIL
A10: APAC | B10: INV_NULL_SS | C10: MEDIUM | D10: Missing safety stock value | E10: 2 | F10: FAIL
A11: India | B11: INV_NULL_SS | C11: MEDIUM | D11: Missing safety stock value | E11: 2 | F11: FAIL
A12: MENA-PAK | B12: INV_NULL_SS | C12: MEDIUM | D12: Missing safety stock value | E12: 2 | F12: FAIL
A13: South Africa | B13: INV_NULL_SS | C13: MEDIUM | D13: Missing safety stock value | E13: 2 | F13: FAIL
... A41: South Africa | B41: PO_QTY | C41: LOW | D41: PO with non-positive ordered quantity | E41: 0 | F41: PASS
